trigger,population,tier_bucket,notional_sol,cost_floor_pct,cost_floor_from_tier,cost_floor_exact,fired_holdout,selectivity_holdout,arrivals_per_day,n_holdout,n_fit,censored_holdout,utc_days_holdout,gross_mean_holdout,gross_mean_fit,sd_holdout,net_mean_holdout,cv_net,required_n,days,decidable_point,holdout_lower,holdout_upper,net_lower_bound,decidable_holdout
T0,migrated-at-entry,any,0.005,2.7507,0,true,82,0.9761904761904762,77.11904761904762,9,16,73,2,-0.5701560117124783,-0.7052098039050098,0.44223416401381155,-0.5976630117124783,0.7399389879368343,300,4,false,-0.8346118977799897,-0.4379280686787224,-0.8621188977799896,false
T0,migrated-at-entry,any,0.01,2.6693,0,true,82,0.9761904761904762,77.11904761904762,9,16,73,2,-0.5701560117124783,-0.7052098039050098,0.44223416401381155,-0.5968490117124783,0.7409481381982252,300,4,false,-0.8346118977799897,-0.4379280686787224,-0.8613048977799896,false
T0,migrated-at-entry,any,0.02,2.6878,0,true,82,0.9761904761904762,77.11904761904762,9,16,73,2,-0.5701560117124783,-0.7052098039050098,0.44223416401381155,-0.5970340117124783,0.7407185442339326,300,4,false,-0.8346118977799897,-0.4379280686787224,-0.8614898977799896,false
T0,migrated-at-entry,any,0.05,2.8879,0,true,82,0.9761904761904762,77.11904761904762,9,16,73,2,-0.5701560117124783,-0.7052098039050098,0.44223416401381155,-0.5990350117124783,0.7382442684770365,300,4,false,-0.8346118977799897,-0.4379280686787224,-0.8634908977799897,false
T0,migrated-at-entry,any,0.1,3.2673,0,true,82,0.9761904761904762,77.11904761904762,9,16,73,2,-0.5701560117124783,-0.7052098039050098,0.44223416401381155,-0.6028290117124783,0.7335980110803574,300,4,false,-0.8346118977799897,-0.4379280686787224,-0.8672848977799896,false
T0,migrated-at-entry,any,0.2,4.0347,0,true,82,0.9761904761904762,77.11904761904762,9,16,73,2,-0.5701560117124783,-0.7052098039050098,0.44223416401381155,-0.6105030117124783,0.7243767115469785,300,4,false,-0.8346118977799897,-0.4379280686787224,-0.8749588977799897,false
T0,migrated-at-entry,any,0.35,5.1695,0,true,82,0.9761904761904762,77.11904761904762,9,16,73,2,-0.5701560117124783,-0.7052098039050098,0.44223416401381155,-0.6218510117124784,0.7111577462839037,300,4,false,-0.8346118977799897,-0.4379280686787224,-0.8863068977799897,false
T0,migrated-at-entry,any,0.5,6.2779,0,true,82,0.9761904761904762,77.11904761904762,9,16,73,2,-0.5701560117124783,-0.7052098039050098,0.44223416401381155,-0.6329350117124783,0.6987039045561664,300,4,false,-0.8346118977799897,-0.4379280686787224,-0.8973908977799897,false
T0,migrated-at-entry,any,1,9.7614,0,true,82,0.9761904761904762,77.11904761904762,9,16,73,2,-0.5701560117124783,-0.7052098039050098,0.44223416401381155,-0.6677700117124783,0.6622552020263891,300,4,false,-0.8346118977799897,-0.4379280686787224,-0.9322258977799897,false
T0,migrated-at-entry,tier0,0.005,2.7507,0,true,69,0.8214285714285714,64.89285714285714,6,11,63,2,-0.5880264970269714,-0.6060206900729853,0.29587761027490345,-0.6155334970269714,0.48068482333454343,300,5,false,-0.591462386850462,-0.570847047909518,-0.618969386850462,false
T0,migrated-at-entry,tier0,0.01,2.6693,0,true,69,0.8214285714285714,64.89285714285714,6,11,63,2,-0.5880264970269714,-0.6060206900729853,0.29587761027490345,-0.6147194970269714,0.4813213371397614,300,5,false,-0.591462386850462,-0.570847047909518,-0.618155386850462,false
T0,migrated-at-entry,tier0,0.02,2.6878,0,true,69,0.8214285714285714,64.89285714285714,6,11,63,2,-0.5880264970269714,-0.6060206900729853,0.29587761027490345,-0.6149044970269714,0.48117652693297097,300,5,false,-0.591462386850462,-0.570847047909518,-0.618340386850462,false
T0,migrated-at-entry,tier0,0.05,2.8879,0,true,69,0.8214285714285714,64.89285714285714,6,11,63,2,-0.5880264970269714,-0.6060206900729853,0.29587761027490345,-0.6169054970269714,0.4796157785930177,300,5,false,-0.591462386850462,-0.570847047909518,-0.620341386850462,false
T0,migrated-at-entry,tier0,0.1,3.2673,0,true,69,0.8214285714285714,64.89285714285714,6,11,63,2,-0.5880264970269714,-0.6060206900729853,0.29587761027490345,-0.6206994970269714,0.47668414698593936,300,5,false,-0.591462386850462,-0.570847047909518,-0.624135386850462,false
T0,migrated-at-entry,tier0,0.2,4.0347,0,true,69,0.8214285714285714,64.89285714285714,6,11,63,2,-0.5880264970269714,-0.6060206900729853,0.29587761027490345,-0.6283734970269714,0.4708626504376642,300,5,false,-0.591462386850462,-0.570847047909518,-0.6318093868504621,false
T0,migrated-at-entry,tier0,0.35,5.1695,0,true,69,0.8214285714285714,64.89285714285714,6,11,63,2,-0.5880264970269714,-0.6060206900729853,0.29587761027490345,-0.6397214970269715,0.46251003233431887,300,5,false,-0.591462386850462,-0.570847047909518,-0.6431573868504621,false
T0,migrated-at-entry,tier0,0.5,6.2779,0,true,69,0.8214285714285714,64.89285714285714,6,11,63,2,-0.5880264970269714,-0.6060206900729853,0.29587761027490345,-0.6508054970269714,0.454632930463157,300,5,false,-0.591462386850462,-0.570847047909518,-0.6542413868504621,false
T0,migrated-at-entry,tier0,1,9.7614,0,true,69,0.8214285714285714,64.89285714285714,6,11,63,2,-0.5880264970269714,-0.6060206900729853,0.29587761027490345,-0.6856404970269714,0.4315346184448967,300,5,false,-0.591462386850462,-0.570847047909518,-0.689076386850462,false
T0,migrated-at-entry,tier1,0.005,2.6227,1,true,9,0.10714285714285714,8.464285714285714,1,4,8,1,-0.9447315661240866,-0.9076907523900657,,-0.9709585661240866,,,,false,,,,false
T0,migrated-at-entry,tier1,0.01,2.5108,1,true,9,0.10714285714285714,8.464285714285714,1,4,8,1,-0.9447315661240866,-0.9076907523900657,,-0.9698395661240866,,,,false,,,,false
T0,migrated-at-entry,tier1,0.02,2.4687,1,true,9,0.10714285714285714,8.464285714285714,1,4,8,1,-0.9447315661240866,-0.9076907523900657,,-0.9694185661240866,,,,false,,,,false
T0,migrated-at-entry,tier1,0.05,2.4874,1,true,9,0.10714285714285714,8.464285714285714,1,4,8,1,-0.9447315661240866,-0.9076907523900657,,-0.9696055661240865,,,,false,,,,false
T0,migrated-at-entry,tier1,0.1,2.5668,1,true,9,0.10714285714285714,8.464285714285714,1,4,8,1,-0.9447315661240866,-0.9076907523900657,,-0.9703995661240866,,,,false,,,,false
T0,migrated-at-entry,tier1,0.2,2.7434,1,true,9,0.10714285714285714,8.464285714285714,1,4,8,1,-0.9447315661240866,-0.9076907523900657,,-0.9721655661240866,,,,false,,,,false
T0,migrated-at-entry,tier1,0.35,3.0133,1,true,9,0.10714285714285714,8.464285714285714,1,4,8,1,-0.9447315661240866,-0.9076907523900657,,-0.9748645661240866,,,,false,,,,false
T0,migrated-at-entry,tier1,0.5,3.2834,1,true,9,0.10714285714285714,8.464285714285714,1,4,8,1,-0.9447315661240866,-0.9076907523900657,,-0.9775655661240866,,,,false,,,,false
T0,migrated-at-entry,tier1,1,4.1748,1,true,9,0.10714285714285714,8.464285714285714,1,4,8,1,-0.9447315661240866,-0.9076907523900657,,-0.9864795661240866,,,,false,,,,false
T0,migrated-at-entry,tier2,0.005,2.521,2,true,3,0.03571428571428571,2.821428571428571,1,1,2,2,-0.9882570793063647,-0.9863662621170545,,-1.0134670793063647,,,,false,-0.9882570793063647,-0.9882570793063647,-1.0134670793063647,false
T0,migrated-at-entry,tier2,0.01,2.4052,2,true,3,0.03571428571428571,2.821428571428571,1,1,2,2,-0.9882570793063647,-0.9863662621170545,,-1.0123090793063647,,,,false,-0.9882570793063647,-0.9882570793063647,-1.0123090793063647,false
T0,migrated-at-entry,tier2,0.02,2.3552,2,true,3,0.03571428571428571,2.821428571428571,1,1,2,2,-0.9882570793063647,-0.9863662621170545,,-1.0118090793063648,,,,false,-0.9882570793063647,-0.9882570793063647,-1.0118090793063648,false
T0,migrated-at-entry,tier2,0.05,2.3502,2,true,3,0.03571428571428571,2.821428571428571,1,1,2,2,-0.9882570793063647,-0.9863662621170545,,-1.0117590793063647,,,,false,-0.9882570793063647,-0.9882570793063647,-1.0117590793063647,false
T0,migrated-at-entry,tier2,0.1,2.3902,2,true,3,0.03571428571428571,2.821428571428571,1,1,2,2,-0.9882570793063647,-0.9863662621170545,,-1.0121590793063648,,,,false,-0.9882570793063647,-0.9882570793063647,-1.0121590793063648,false
T0,migrated-at-entry,tier2,0.2,2.4882,2,true,3,0.03571428571428571,2.821428571428571,1,1,2,2,-0.9882570793063647,-0.9863662621170545,,-1.0131390793063648,,,,false,-0.9882570793063647,-0.9882570793063647,-1.0131390793063648,false
T0,migrated-at-entry,tier2,0.35,2.6413,2,true,3,0.03571428571428571,2.821428571428571,1,1,2,2,-0.9882570793063647,-0.9863662621170545,,-1.0146700793063648,,,,false,-0.9882570793063647,-0.9882570793063647,-1.0146700793063648,false
T0,migrated-at-entry,tier2,0.5,2.7955,2,true,3,0.03571428571428571,2.821428571428571,1,1,2,2,-0.9882570793063647,-0.9863662621170545,,-1.0162120793063647,,,,false,-0.9882570793063647,-0.9882570793063647,-1.0162120793063647,false
T0,migrated-at-entry,tier2,1,3.308,2,true,3,0.03571428571428571,2.821428571428571,1,1,2,2,-0.9882570793063647,-0.9863662621170545,,-1.0213370793063647,,,,false,-0.9882570793063647,-0.9882570793063647,-1.0213370793063647,false
T0,migrated-at-entry,tier3+,0.005,1.2378,16,false,1,0.011904761904761904,0.9404761904761905,1,0,0,1,0.3297435221799754,,,0.3173655221799754,,,,false,,,,false
T0,migrated-at-entry,tier3+,0.01,1.1178,16,false,1,0.011904761904761904,0.9404761904761905,1,0,0,1,0.3297435221799754,,,0.31856552217997536,,,,false,,,,false
T0,migrated-at-entry,tier3+,0.02,1.059,16,false,1,0.011904761904761904,0.9404761904761905,1,0,0,1,0.3297435221799754,,,0.3191535221799754,,,,false,,,,false
T0,migrated-at-entry,tier3+,0.05,1.028,16,false,1,0.011904761904761904,0.9404761904761905,1,0,0,1,0.3297435221799754,,,0.31946352217997537,,,,false,,,,false
T0,migrated-at-entry,tier3+,0.1,1.0248,16,false,1,0.011904761904761904,0.9404761904761905,1,0,0,1,0.3297435221799754,,,0.3194955221799754,,,,false,,,,false
T0,migrated-at-entry,tier3+,0.2,1.0365,16,false,1,0.011904761904761904,0.9404761904761905,1,0,0,1,0.3297435221799754,,,0.31937852217997537,,,,false,,,,false
T0,migrated-at-entry,tier3+,0.35,1.0605,16,false,1,0.011904761904761904,0.9404761904761905,1,0,0,1,0.3297435221799754,,,0.3191385221799754,,,,false,,,,false
T0,migrated-at-entry,tier3+,0.5,1.086,16,false,1,0.011904761904761904,0.9404761904761905,1,0,0,1,0.3297435221799754,,,0.3188835221799754,,,,false,,,,false
T0,migrated-at-entry,tier3+,1,1.1733,16,false,1,0.011904761904761904,0.9404761904761905,1,0,0,1,0.3297435221799754,,,0.3180105221799754,,,,false,,,,false
T0,all-snapshotted,any,0.005,2.7507,0,true,38802,1,79,5486,53965,33316,3,0.006520348681621443,0.03557625171710151,0.9952730151745356,-0.020986651318378558,47.424098303046044,17633,224,false,-0.022124613013753878,0.009978810859755449,-0.04963161301375388,false
T0,all-snapshotted,any,0.01,2.6693,0,true,38802,1,79,5486,53965,33316,3,0.006520348681621443,0.03557625171710151,0.9952730151745356,-0.020172651318378556,49.33773947045717,19085,242,false,-0.022124613013753878,0.009978810859755449,-0.048817613013753876,false
T0,all-snapshotted,any,0.02,2.6878,0,true,38802,1,79,5486,53965,33316,3,0.006520348681621443,0.03557625171710151,0.9952730151745356,-0.02035765131837856,48.88938314195504,18739,238,false,-0.022124613013753878,0.009978810859755449,-0.04900261301375388,false
T0,all-snapshotted,any,0.05,2.8879,0,true,38802,1,79,5486,53965,33316,3,0.006520348681621443,0.03557625171710151,0.9952730151745356,-0.02235865131837856,44.51400046461802,15535,197,false,-0.022124613013753878,0.009978810859755449,-0.051003613013753876,false
T0,all-snapshotted,any,0.1,3.2673,0,true,38802,1,79,5486,53965,33316,3,0.006520348681621443,0.03557625171710151,0.9952730151745356,-0.02615265131837856,38.056295060039126,11355,144,false,-0.022124613013753878,0.009978810859755449,-0.05479761301375388,false
T0,all-snapshotted,any,0.2,4.0347,0,true,38802,1,79,5486,53965,33316,3,0.006520348681621443,0.03557625171710151,0.9952730151745356,-0.03382665131837856,29.422747342235084,6788,86,false,-0.022124613013753878,0.009978810859755449,-0.06247161301375388,false
T0,all-snapshotted,any,0.35,5.1695,0,true,38802,1,79,5486,53965,33316,3,0.006520348681621443,0.03557625171710151,0.9952730151745356,-0.04517465131837856,22.031670109861484,3806,49,false,-0.022124613013753878,0.009978810859755449,-0.07381961301375388,false
T0,all-snapshotted,any,0.5,6.2779,0,true,38802,1,79,5486,53965,33316,3,0.006520348681621443,0.03557625171710151,0.9952730151745356,-0.05625865131837856,17.691021591365452,2454,32,false,-0.022124613013753878,0.009978810859755449,-0.08490361301375388,false
T0,all-snapshotted,any,1,9.7614,0,true,38802,1,79,5486,53965,33316,3,0.006520348681621443,0.03557625171710151,0.9952730151745356,-0.09109365131837856,10.925821951037928,936,12,false,-0.022124613013753878,0.009978810859755449,-0.11973861301375388,false
T0,all-snapshotted,tier0,0.005,2.7507,0,true,37663,0.9706458429977837,76.6810215968249,5415,53253,32248,3,-0.024098897435296,0.005194506460318328,0.7827787575249008,-0.051605897435296005,15.168397342694345,1804,24,false,-0.035576330962409544,-0.02270610885652381,-0.06308333096240955,false
T0,all-snapshotted,tier0,0.01,2.6693,0,true,37663,0.9706458429977837,76.6810215968249,5415,53253,32248,3,-0.024098897435296,0.005194506460318328,0.7827787575249008,-0.050791897435295996,15.411488781691721,1863,25,false,-0.035576330962409544,-0.02270610885652381,-0.06226933096240954,false
T0,all-snapshotted,tier0,0.02,2.6878,0,true,37663,0.9706458429977837,76.6810215968249,5415,53253,32248,3,-0.024098897435296,0.005194506460318328,0.7827787575249008,-0.050976897435296,15.355559025899268,1849,25,false,-0.035576330962409544,-0.02270610885652381,-0.06245433096240954,false
T0,all-snapshotted,tier0,0.05,2.8879,0,true,37663,0.9706458429977837,76.6810215968249,5415,53253,32248,3,-0.024098897435296,0.005194506460318328,0.7827787575249008,-0.052977897435296004,14.77557236923076,1712,23,false,-0.035576330962409544,-0.02270610885652381,-0.06445533096240955,false
T0,all-snapshotted,tier0,0.1,3.2673,0,true,37663,0.9706458429977837,76.6810215968249,5415,53253,32248,3,-0.024098897435296,0.005194506460318328,0.7827787575249008,-0.056771897435296,13.788138020524123,1491,20,false,-0.035576330962409544,-0.02270610885652381,-0.06824933096240954,false
T0,all-snapshotted,tier0,0.2,4.0347,0,true,37663,0.9706458429977837,76.6810215968249,5415,53253,32248,3,-0.024098897435296,0.005194506460318328,0.7827787575249008,-0.064445897435296,12.1462930718098,1157,16,false,-0.035576330962409544,-0.02270610885652381,-0.07592333096240955,false
T0,all-snapshotted,tier0,0.35,5.1695,0,true,37663,0.9706458429977837,76.6810215968249,5415,53253,32248,3,-0.024098897435296,0.005194506460318328,0.7827787575249008,-0.075793897435296,10.327728009938347,837,11,false,-0.035576330962409544,-0.02270610885652381,-0.08727133096240955,false
T0,all-snapshotted,tier0,0.5,6.2779,0,true,37663,0.9706458429977837,76.6810215968249,5415,53253,32248,3,-0.024098897435296,0.005194506460318328,0.7827787575249008,-0.086877897435296,9.01010246142168,637,9,false,-0.035576330962409544,-0.02270610885652381,-0.09835533096240955,false
T0,all-snapshotted,tier0,1,9.7614,0,true,37663,0.9706458429977837,76.6810215968249,5415,53253,32248,3,-0.024098897435296,0.005194506460318328,0.7827787575249008,-0.12171289743529601,6.431354228018728,325,5,false,-0.035576330962409544,-0.02270610885652381,-0.13319033096240956,false
T0,all-snapshotted,tier1,0.005,2.6227,1,true,622,0.016030101541157672,1.2663780217514562,32,368,590,3,0.40959793132885924,0.7694747633937492,1.899001621021229,0.38337093132885924,4.95343143111768,300,237,false,-0.15168934808279438,0.44701708328963613,-0.17791634808279438,false
T0,all-snapshotted,tier1,0.01,2.5108,1,true,622,0.016030101541157672,1.2663780217514562,32,368,590,3,0.40959793132885924,0.7694747633937492,1.899001621021229,0.3844899313288592,4.939015215451737,300,237,false,-0.15168934808279438,0.44701708328963613,-0.17679734808279438,false
T0,all-snapshotted,tier1,0.02,2.4687,1,true,622,0.016030101541157672,1.2663780217514562,32,368,590,3,0.40959793132885924,0.7694747633937492,1.899001621021229,0.38491093132885923,4.93361312048258,300,237,false,-0.15168934808279438,0.44701708328963613,-0.1763763480827944,false
T0,all-snapshotted,tier1,0.05,2.4874,1,true,622,0.016030101541157672,1.2663780217514562,32,368,590,3,0.40959793132885924,0.7694747633937492,1.899001621021229,0.38472393132885924,4.93601116640175,300,237,false,-0.15168934808279438,0.44701708328963613,-0.1765633480827944,false
T0,all-snapshotted,tier1,0.1,2.5668,1,true,622,0.016030101541157672,1.2663780217514562,32,368,590,3,0.40959793132885924,0.7694747633937492,1.899001621021229,0.3839299313288592,4.946219260499956,300,237,false,-0.15168934808279438,0.44701708328963613,-0.17735734808279438,false
T0,all-snapshotted,tier1,0.2,2.7434,1,true,622,0.016030101541157672,1.2663780217514562,32,368,590,3,0.40959793132885924,0.7694747633937492,1.899001621021229,0.38216393132885923,4.969076004682144,300,237,false,-0.15168934808279438,0.44701708328963613,-0.1791233480827944,false
T0,all-snapshotted,tier1,0.35,3.0133,1,true,622,0.016030101541157672,1.2663780217514562,32,368,590,3,0.40959793132885924,0.7694747633937492,1.899001621021229,0.3794649313288592,5.00441928683913,300,237,false,-0.15168934808279438,0.44701708328963613,-0.18182234808279438,false
T0,all-snapshotted,tier1,0.5,3.2834,1,true,622,0.016030101541157672,1.2663780217514562,32,368,590,3,0.40959793132885924,0.7694747633937492,1.899001621021229,0.3767639313288592,5.040295694769363,300,237,false,-0.15168934808279438,0.44701708328963613,-0.1845233480827944,false
T0,all-snapshotted,tier1,1,4.1748,1,true,622,0.016030101541157672,1.2663780217514562,32,368,590,3,0.40959793132885924,0.7694747633937492,1.899001621021229,0.36784993132885924,5.162435708934561,300,237,false,-0.15168934808279438,0.44701708328963613,-0.1934373480827944,false
T0,all-snapshotted,tier2,0.005,2.521,2,true,212,0.005463635895056956,0.4316272357094995,24,248,188,3,4.1131977515115965,4.849607521460851,2.607612349101945,4.087987751511596,0.6378718596056803,300,696,false,2.1079258286880305,4.29549519904101,2.0827158286880305,false
T0,all-snapshotted,tier2,0.01,2.4052,2,true,212,0.005463635895056956,0.4316272357094995,24,248,188,3,4.1131977515115965,4.849607521460851,2.607612349101945,4.089145751511596,0.637691221482632,300,696,false,2.1079258286880305,4.29549519904101,2.0838738286880303,false
T0,all-snapshotted,tier2,0.02,2.3552,2,true,212,0.005463635895056956,0.4316272357094995,24,248,188,3,4.1131977515115965,4.849607521460851,2.607612349101945,4.089645751511597,0.6376132573678615,300,696,false,2.1079258286880305,4.29549519904101,2.0843738286880304,false
T0,all-snapshotted,tier2,0.05,2.3502,2,true,212,0.005463635895056956,0.4316272357094995,24,248,188,3,4.1131977515115965,4.849607521460851,2.607612349101945,4.089695751511597,0.6376054620048797,300,696,false,2.1079258286880305,4.29549519904101,2.0844238286880303,false
T0,all-snapshotted,tier2,0.1,2.3902,2,true,212,0.005463635895056956,0.4316272357094995,24,248,188,3,4.1131977515115965,4.849607521460851,2.607612349101945,4.089295751511597,0.6376678302463323,300,696,false,2.1079258286880305,4.29549519904101,2.0840238286880304,false
T0,all-snapshotted,tier2,0.2,2.4882,2,true,212,0.005463635895056956,0.4316272357094995,24,248,188,3,4.1131977515115965,4.849607521460851,2.607612349101945,4.088315751511597,0.6378206840158609,300,696,false,2.1079258286880305,4.29549519904101,2.0830438286880306,false
T0,all-snapshotted,tier2,0.35,2.6413,2,true,212,0.005463635895056956,0.4316272357094995,24,248,188,3,4.1131977515115965,4.849607521460851,2.607612349101945,4.086784751511597,0.6380596257577442,300,696,false,2.1079258286880305,4.29549519904101,2.0815128286880307,false
T0,all-snapshotted,tier2,0.5,2.7955,2,true,212,0.005463635895056956,0.4316272357094995,24,248,188,3,4.1131977515115965,4.849607521460851,2.607612349101945,4.085242751511596,0.6383004652874282,300,696,false,2.1079258286880305,4.29549519904101,2.0799708286880305,false
T0,all-snapshotted,tier2,1,3.308,2,true,212,0.005463635895056956,0.4316272357094995,24,248,188,3,4.1131977515115965,4.849607521460851,2.607612349101945,4.0801177515115965,0.6391022288844189,300,696,false,2.1079258286880305,4.29549519904101,2.0748458286880305,false
T0,all-snapshotted,tier3+,0.005,2.521,2,false,305,0.007860419566001753,0.6209731457141385,15,96,290,3,3.629485509380058,1.6393749284446342,9.395195611662798,3.604275509380058,2.606680756565912,300,484,false,3.6130479963619897,3.8596106916330033,3.5878379963619897,false
T0,all-snapshotted,tier3+,0.01,2.4052,2,false,305,0.007860419566001753,0.6209731457141385,15,96,290,3,3.629485509380058,1.6393749284446342,9.395195611662798,3.605433509380058,2.6058435378768836,300,484,false,3.6130479963619897,3.8596106916330033,3.5889959963619895,false
T0,all-snapshotted,tier3+,0.02,2.3552,2,false,305,0.007860419566001753,0.6209731457141385,15,96,290,3,3.629485509380058,1.6393749284446342,9.395195611662798,3.605933509380058,2.6054822107016737,300,484,false,3.6130479963619897,3.8596106916330033,3.5894959963619897,false
T0,all-snapshotted,tier3+,0.05,2.3502,2,false,305,0.007860419566001753,0.6209731457141385,15,96,290,3,3.629485509380058,1.6393749284446342,9.395195611662798,3.605983509380058,2.605446083495269,300,484,false,3.6130479963619897,3.8596106916330033,3.5895459963619896,false
T0,all-snapshotted,tier3+,0.1,2.3902,2,false,305,0.007860419566001753,0.6209731457141385,15,96,290,3,3.629485509380058,1.6393749284446342,9.395195611662798,3.605583509380058,2.605735129201931,300,484,false,3.6130479963619897,3.8596106916330033,3.5891459963619896,false
T0,all-snapshotted,tier3+,0.2,2.4882,2,false,305,0.007860419566001753,0.6209731457141385,15,96,290,3,3.629485509380058,1.6393749284446342,9.395195611662798,3.604603509380058,2.6064435622986566,300,484,false,3.6130479963619897,3.8596106916330033,3.58816599636199,false
T0,all-snapshotted,tier3+,0.35,2.6413,2,false,305,0.007860419566001753,0.6209731457141385,15,96,290,3,3.629485509380058,1.6393749284446342,9.395195611662798,3.603072509380058,2.6075510795866075,300,484,false,3.6130479963619897,3.8596106916330033,3.58663499636199,false
T0,all-snapshotted,tier3+,0.5,2.7955,2,false,305,0.007860419566001753,0.6209731457141385,15,96,290,3,3.629485509380058,1.6393749284446342,9.395195611662798,3.601530509380058,2.608667505993173,300,484,false,3.6130479963619897,3.8596106916330033,3.5850929963619897,false
T0,all-snapshotted,tier3+,1,3.308,2,false,305,0.007860419566001753,0.6209731457141385,15,96,290,3,3.629485509380058,1.6393749284446342,9.395195611662798,3.596405509380058,2.612384945790589,300,484,false,3.6130479963619897,3.8596106916330033,3.5799679963619897,false
T1,migrated-at-entry,any,0.005,2.6227,1,true,13,0.15476190476190477,12.226190476190476,3,13,10,2,-0.5344150410834919,-0.7780339098115925,0.748699628970544,-0.5606420410834919,1.3354325471625597,300,25,false,-0.9664943227152257,0.3297435221799754,-0.9927213227152257,false
T1,migrated-at-entry,any,0.01,2.5108,1,true,13,0.15476190476190477,12.226190476190476,3,13,10,2,-0.5344150410834919,-0.7780339098115925,0.748699628970544,-0.5595230410834919,1.3381033022710198,300,25,false,-0.9664943227152257,0.3297435221799754,-0.9916023227152257,false
T1,migrated-at-entry,any,0.02,2.4687,1,true,13,0.15476190476190477,12.226190476190476,3,13,10,2,-0.5344150410834919,-0.7780339098115925,0.748699628970544,-0.5591020410834919,1.3391108848746611,300,25,false,-0.9664943227152257,0.3297435221799754,-0.9911813227152257,false
T1,migrated-at-entry,any,0.05,2.4874,1,true,13,0.15476190476190477,12.226190476190476,3,13,10,2,-0.5344150410834919,-0.7780339098115925,0.748699628970544,-0.5592890410834919,1.3386631490581566,300,25,false,-0.9664943227152257,0.3297435221799754,-0.9913683227152257,false
T1,migrated-at-entry,any,0.1,2.5668,1,true,13,0.15476190476190477,12.226190476190476,3,13,10,2,-0.5344150410834919,-0.7780339098115925,0.748699628970544,-0.5600830410834919,1.336765397363522,300,25,false,-0.9664943227152257,0.3297435221799754,-0.9921623227152258,false
T1,migrated-at-entry,any,0.2,2.7434,1,true,13,0.15476190476190477,12.226190476190476,3,13,10,2,-0.5344150410834919,-0.7780339098115925,0.748699628970544,-0.5618490410834919,1.332563685659625,300,25,false,-0.9664943227152257,0.3297435221799754,-0.9939283227152257,false
T1,migrated-at-entry,any,0.35,3.0133,1,true,13,0.15476190476190477,12.226190476190476,3,13,10,2,-0.5344150410834919,-0.7780339098115925,0.748699628970544,-0.5645480410834919,1.3261929445962202,300,25,false,-0.9664943227152257,0.3297435221799754,-0.9966273227152257,false
T1,migrated-at-entry,any,0.5,3.2834,1,true,13,0.15476190476190477,12.226190476190476,3,13,10,2,-0.5344150410834919,-0.7780339098115925,0.748699628970544,-0.567249041083492,1.3198781747439654,300,25,false,-0.9664943227152257,0.3297435221799754,-0.9993283227152258,false
T1,migrated-at-entry,any,1,4.1748,1,true,13,0.15476190476190477,12.226190476190476,3,13,10,2,-0.5344150410834919,-0.7780339098115925,0.748699628970544,-0.5761630410834919,1.2994579235117056,300,25,false,-0.9664943227152257,0.3297435221799754,-1.0082423227152257,false
T1,migrated-at-entry,tier0,0.005,2.7507,0,true,0,0,0,0,0,0,0,,,,,,,,false,,,,false
T1,migrated-at-entry,tier0,0.01,2.6693,0,true,0,0,0,0,0,0,0,,,,,,,,false,,,,false
T1,migrated-at-entry,tier0,0.02,2.6878,0,true,0,0,0,0,0,0,0,,,,,,,,false,,,,false
T1,migrated-at-entry,tier0,0.05,2.8879,0,true,0,0,0,0,0,0,0,,,,,,,,false,,,,false
T1,migrated-at-entry,tier0,0.1,3.2673,0,true,0,0,0,0,0,0,0,,,,,,,,false,,,,false
T1,migrated-at-entry,tier0,0.2,4.0347,0,true,0,0,0,0,0,0,0,,,,,,,,false,,,,false
T1,migrated-at-entry,tier0,0.35,5.1695,0,true,0,0,0,0,0,0,0,,,,,,,,false,,,,false
T1,migrated-at-entry,tier0,0.5,6.2779,0,true,0,0,0,0,0,0,0,,,,,,,,false,,,,false
T1,migrated-at-entry,tier0,1,9.7614,0,true,0,0,0,0,0,0,0,,,,,,,,false,,,,false
T1,migrated-at-entry,tier1,0.005,2.6227,1,true,9,0.10714285714285714,8.464285714285714,1,11,8,1,-0.9447315661240866,-0.8767920567395143,,-0.9709585661240866,,,,false,,,,false
T1,migrated-at-entry,tier1,0.01,2.5108,1,true,9,0.10714285714285714,8.464285714285714,1,11,8,1,-0.9447315661240866,-0.8767920567395143,,-0.9698395661240866,,,,false,,,,false
T1,migrated-at-entry,tier1,0.02,2.4687,1,true,9,0.10714285714285714,8.464285714285714,1,11,8,1,-0.9447315661240866,-0.8767920567395143,,-0.9694185661240866,,,,false,,,,false
T1,migrated-at-entry,tier1,0.05,2.4874,1,true,9,0.10714285714285714,8.464285714285714,1,11,8,1,-0.9447315661240866,-0.8767920567395143,,-0.9696055661240865,,,,false,,,,false
T1,migrated-at-entry,tier1,0.1,2.5668,1,true,9,0.10714285714285714,8.464285714285714,1,11,8,1,-0.9447315661240866,-0.8767920567395143,,-0.9703995661240866,,,,false,,,,false
T1,migrated-at-entry,tier1,0.2,2.7434,1,true,9,0.10714285714285714,8.464285714285714,1,11,8,1,-0.9447315661240866,-0.8767920567395143,,-0.9721655661240866,,,,false,,,,false
T1,migrated-at-entry,tier1,0.35,3.0133,1,true,9,0.10714285714285714,8.464285714285714,1,11,8,1,-0.9447315661240866,-0.8767920567395143,,-0.9748645661240866,,,,false,,,,false
T1,migrated-at-entry,tier1,0.5,3.2834,1,true,9,0.10714285714285714,8.464285714285714,1,11,8,1,-0.9447315661240866,-0.8767920567395143,,-0.9775655661240866,,,,false,,,,false
T1,migrated-at-entry,tier1,1,4.1748,1,true,9,0.10714285714285714,8.464285714285714,1,11,8,1,-0.9447315661240866,-0.8767920567395143,,-0.9864795661240866,,,,false,,,,false
T1,migrated-at-entry,tier2,0.005,2.521,2,true,3,0.03571428571428571,2.821428571428571,1,2,2,2,-0.9882570793063647,-0.2348641017080228,,-1.0134670793063647,,,,false,-0.9882570793063647,-0.9882570793063647,-1.0134670793063647,false
T1,migrated-at-entry,tier2,0.01,2.4052,2,true,3,0.03571428571428571,2.821428571428571,1,2,2,2,-0.9882570793063647,-0.2348641017080228,,-1.0123090793063647,,,,false,-0.9882570793063647,-0.9882570793063647,-1.0123090793063647,false
T1,migrated-at-entry,tier2,0.02,2.3552,2,true,3,0.03571428571428571,2.821428571428571,1,2,2,2,-0.9882570793063647,-0.2348641017080228,,-1.0118090793063648,,,,false,-0.9882570793063647,-0.9882570793063647,-1.0118090793063648,false
T1,migrated-at-entry,tier2,0.05,2.3502,2,true,3,0.03571428571428571,2.821428571428571,1,2,2,2,-0.9882570793063647,-0.2348641017080228,,-1.0117590793063647,,,,false,-0.9882570793063647,-0.9882570793063647,-1.0117590793063647,false
T1,migrated-at-entry,tier2,0.1,2.3902,2,true,3,0.03571428571428571,2.821428571428571,1,2,2,2,-0.9882570793063647,-0.2348641017080228,,-1.0121590793063648,,,,false,-0.9882570793063647,-0.9882570793063647,-1.0121590793063648,false
T1,migrated-at-entry,tier2,0.2,2.4882,2,true,3,0.03571428571428571,2.821428571428571,1,2,2,2,-0.9882570793063647,-0.2348641017080228,,-1.0131390793063648,,,,false,-0.9882570793063647,-0.9882570793063647,-1.0131390793063648,false
T1,migrated-at-entry,tier2,0.35,2.6413,2,true,3,0.03571428571428571,2.821428571428571,1,2,2,2,-0.9882570793063647,-0.2348641017080228,,-1.0146700793063648,,,,false,-0.9882570793063647,-0.9882570793063647,-1.0146700793063648,false
T1,migrated-at-entry,tier2,0.5,2.7955,2,true,3,0.03571428571428571,2.821428571428571,1,2,2,2,-0.9882570793063647,-0.2348641017080228,,-1.0162120793063647,,,,false,-0.9882570793063647,-0.9882570793063647,-1.0162120793063647,false
T1,migrated-at-entry,tier2,1,3.308,2,true,3,0.03571428571428571,2.821428571428571,1,2,2,2,-0.9882570793063647,-0.2348641017080228,,-1.0213370793063647,,,,false,-0.9882570793063647,-0.9882570793063647,-1.0213370793063647,false
T1,migrated-at-entry,tier3+,0.005,1.2378,16,false,1,0.011904761904761904,0.9404761904761905,1,0,0,1,0.3297435221799754,,,0.3173655221799754,,,,false,,,,false
T1,migrated-at-entry,tier3+,0.01,1.1178,16,false,1,0.011904761904761904,0.9404761904761905,1,0,0,1,0.3297435221799754,,,0.31856552217997536,,,,false,,,,false
T1,migrated-at-entry,tier3+,0.02,1.059,16,false,1,0.011904761904761904,0.9404761904761905,1,0,0,1,0.3297435221799754,,,0.3191535221799754,,,,false,,,,false
T1,migrated-at-entry,tier3+,0.05,1.028,16,false,1,0.011904761904761904,0.9404761904761905,1,0,0,1,0.3297435221799754,,,0.31946352217997537,,,,false,,,,false
T1,migrated-at-entry,tier3+,0.1,1.0248,16,false,1,0.011904761904761904,0.9404761904761905,1,0,0,1,0.3297435221799754,,,0.3194955221799754,,,,false,,,,false
T1,migrated-at-entry,tier3+,0.2,1.0365,16,false,1,0.011904761904761904,0.9404761904761905,1,0,0,1,0.3297435221799754,,,0.31937852217997537,,,,false,,,,false
T1,migrated-at-entry,tier3+,0.35,1.0605,16,false,1,0.011904761904761904,0.9404761904761905,1,0,0,1,0.3297435221799754,,,0.3191385221799754,,,,false,,,,false
T1,migrated-at-entry,tier3+,0.5,1.086,16,false,1,0.011904761904761904,0.9404761904761905,1,0,0,1,0.3297435221799754,,,0.3188835221799754,,,,false,,,,false
T1,migrated-at-entry,tier3+,1,1.1733,16,false,1,0.011904761904761904,0.9404761904761905,1,0,0,1,0.3297435221799754,,,0.3180105221799754,,,,false,,,,false
T1,all-snapshotted,any,0.005,2.6227,1,true,1140,0.029379928869645893,2.3210143807020254,71,949,1069,3,2.3417769363310232,1.9009207156577688,4.9621558733913975,2.3155499363310232,2.142970788724992,300,130,false,1.5544167305686951,2.401425436767562,1.5281897305686951,false
T1,all-snapshotted,any,0.01,2.5108,1,true,1140,0.029379928869645893,2.3210143807020254,71,949,1069,3,2.3417769363310232,1.9009207156577688,4.9621558733913975,2.3166689363310233,2.141935688596969,300,130,false,1.5544167305686951,2.401425436767562,1.5293087305686952,false
T1,all-snapshotted,any,0.02,2.4687,1,true,1140,0.029379928869645893,2.3210143807020254,71,949,1069,3,2.3417769363310232,1.9009207156577688,4.9621558733913975,2.317089936331023,2.141546512971647,300,130,false,1.5544167305686951,2.401425436767562,1.5297297305686952,false
T1,all-snapshotted,any,0.05,2.4874,1,true,1140,0.029379928869645893,2.3210143807020254,71,949,1069,3,2.3417769363310232,1.9009207156577688,4.9621558733913975,2.316902936331023,2.1417193597455215,300,130,false,1.5544167305686951,2.401425436767562,1.529542730568695,false
T1,all-snapshotted,any,0.1,2.5668,1,true,1140,0.029379928869645893,2.3210143807020254,71,949,1069,3,2.3417769363310232,1.9009207156577688,4.9621558733913975,2.316108936331023,2.1424535761482835,300,130,false,1.5544167305686951,2.401425436767562,1.528748730568695,false
T1,all-snapshotted,any,0.2,2.7434,1,true,1140,0.029379928869645893,2.3210143807020254,71,949,1069,3,2.3417769363310232,1.9009207156577688,4.9621558733913975,2.3143429363310233,2.1440884129549134,300,130,false,1.5544167305686951,2.401425436767562,1.5269827305686952,false
T1,all-snapshotted,any,0.35,3.0133,1,true,1140,0.029379928869645893,2.3210143807020254,71,949,1069,3,2.3417769363310232,1.9009207156577688,4.9621558733913975,2.311643936331023,2.146591780595412,300,130,false,1.5544167305686951,2.401425436767562,1.5242837305686951,false
T1,all-snapshotted,any,0.5,3.2834,1,true,1140,0.029379928869645893,2.3210143807020254,71,949,1069,3,2.3417769363310232,1.9009207156577688,4.9621558733913975,2.3089429363310234,2.149102862315171,300,130,false,1.5544167305686951,2.401425436767562,1.521582730568695,false
T1,all-snapshotted,any,1,4.1748,1,true,1140,0.029379928869645893,2.3210143807020254,71,949,1069,3,2.3417769363310232,1.9009207156577688,4.9621558733913975,2.300028936331023,2.157431932707319,300,130,false,1.5544167305686951,2.401425436767562,1.5126687305686952,false
T1,all-snapshotted,tier0,0.005,2.7507,0,true,0,0,0,0,0,0,0,,,,,,,,false,,,,false
T1,all-snapshotted,tier0,0.01,2.6693,0,true,0,0,0,0,0,0,0,,,,,,,,false,,,,false
T1,all-snapshotted,tier0,0.02,2.6878,0,true,0,0,0,0,0,0,0,,,,,,,,false,,,,false
T1,all-snapshotted,tier0,0.05,2.8879,0,true,0,0,0,0,0,0,0,,,,,,,,false,,,,false
T1,all-snapshotted,tier0,0.1,3.2673,0,true,0,0,0,0,0,0,0,,,,,,,,false,,,,false
T1,all-snapshotted,tier0,0.2,4.0347,0,true,0,0,0,0,0,0,0,,,,,,,,false,,,,false
T1,all-snapshotted,tier0,0.35,5.1695,0,true,0,0,0,0,0,0,0,,,,,,,,false,,,,false
T1,all-snapshotted,tier0,0.5,6.2779,0,true,0,0,0,0,0,0,0,,,,,,,,false,,,,false
T1,all-snapshotted,tier0,1,9.7614,0,true,0,0,0,0,0,0,0,,,,,,,,false,,,,false
T1,all-snapshotted,tier1,0.005,2.6227,1,true,622,0.016030101541157672,1.2663780217514562,32,590,590,3,0.40959793132885924,0.7441925483221409,1.899001621021229,0.38337093132885924,4.95343143111768,300,237,false,-0.15168934808279438,0.44701708328963613,-0.17791634808279438,false
T1,all-snapshotted,tier1,0.01,2.5108,1,true,622,0.016030101541157672,1.2663780217514562,32,590,590,3,0.40959793132885924,0.7441925483221409,1.899001621021229,0.3844899313288592,4.939015215451737,300,237,false,-0.15168934808279438,0.44701708328963613,-0.17679734808279438,false
T1,all-snapshotted,tier1,0.02,2.4687,1,true,622,0.016030101541157672,1.2663780217514562,32,590,590,3,0.40959793132885924,0.7441925483221409,1.899001621021229,0.38491093132885923,4.93361312048258,300,237,false,-0.15168934808279438,0.44701708328963613,-0.1763763480827944,false
T1,all-snapshotted,tier1,0.05,2.4874,1,true,622,0.016030101541157672,1.2663780217514562,32,590,590,3,0.40959793132885924,0.7441925483221409,1.899001621021229,0.38472393132885924,4.93601116640175,300,237,false,-0.15168934808279438,0.44701708328963613,-0.1765633480827944,false
T1,all-snapshotted,tier1,0.1,2.5668,1,true,622,0.016030101541157672,1.2663780217514562,32,590,590,3,0.40959793132885924,0.7441925483221409,1.899001621021229,0.3839299313288592,4.946219260499956,300,237,false,-0.15168934808279438,0.44701708328963613,-0.17735734808279438,false
T1,all-snapshotted,tier1,0.2,2.7434,1,true,622,0.016030101541157672,1.2663780217514562,32,590,590,3,0.40959793132885924,0.7441925483221409,1.899001621021229,0.38216393132885923,4.969076004682144,300,237,false,-0.15168934808279438,0.44701708328963613,-0.1791233480827944,false
T1,all-snapshotted,tier1,0.35,3.0133,1,true,622,0.016030101541157672,1.2663780217514562,32,590,590,3,0.40959793132885924,0.7441925483221409,1.899001621021229,0.3794649313288592,5.00441928683913,300,237,false,-0.15168934808279438,0.44701708328963613,-0.18182234808279438,false
T1,all-snapshotted,tier1,0.5,3.2834,1,true,622,0.016030101541157672,1.2663780217514562,32,590,590,3,0.40959793132885924,0.7441925483221409,1.899001621021229,0.3767639313288592,5.040295694769363,300,237,false,-0.15168934808279438,0.44701708328963613,-0.1845233480827944,false
T1,all-snapshotted,tier1,1,4.1748,1,true,622,0.016030101541157672,1.2663780217514562,32,590,590,3,0.40959793132885924,0.7441925483221409,1.899001621021229,0.36784993132885924,5.162435708934561,300,237,false,-0.15168934808279438,0.44701708328963613,-0.1934373480827944,false
T1,all-snapshotted,tier2,0.005,2.521,2,true,213,0.00548940776248647,0.4336632132364311,24,260,189,3,4.1131977515115965,4.637346194124681,2.607612349101945,4.087987751511596,0.6378718596056803,300,692,false,2.1079258286880305,4.29549519904101,2.0827158286880305,false
T1,all-snapshotted,tier2,0.01,2.4052,2,true,213,0.00548940776248647,0.4336632132364311,24,260,189,3,4.1131977515115965,4.637346194124681,2.607612349101945,4.089145751511596,0.637691221482632,300,692,false,2.1079258286880305,4.29549519904101,2.0838738286880303,false
T1,all-snapshotted,tier2,0.02,2.3552,2,true,213,0.00548940776248647,0.4336632132364311,24,260,189,3,4.1131977515115965,4.637346194124681,2.607612349101945,4.089645751511597,0.6376132573678615,300,692,false,2.1079258286880305,4.29549519904101,2.0843738286880304,false
T1,all-snapshotted,tier2,0.05,2.3502,2,true,213,0.00548940776248647,0.4336632132364311,24,260,189,3,4.1131977515115965,4.637346194124681,2.607612349101945,4.089695751511597,0.6376054620048797,300,692,false,2.1079258286880305,4.29549519904101,2.0844238286880303,false
T1,all-snapshotted,tier2,0.1,2.3902,2,true,213,0.00548940776248647,0.4336632132364311,24,260,189,3,4.1131977515115965,4.637346194124681,2.607612349101945,4.089295751511597,0.6376678302463323,300,692,false,2.1079258286880305,4.29549519904101,2.0840238286880304,false
T1,all-snapshotted,tier2,0.2,2.4882,2,true,213,0.00548940776248647,0.4336632132364311,24,260,189,3,4.1131977515115965,4.637346194124681,2.607612349101945,4.088315751511597,0.6378206840158609,300,692,false,2.1079258286880305,4.29549519904101,2.0830438286880306,false
T1,all-snapshotted,tier2,0.35,2.6413,2,true,213,0.00548940776248647,0.4336632132364311,24,260,189,3,4.1131977515115965,4.637346194124681,2.607612349101945,4.086784751511597,0.6380596257577442,300,692,false,2.1079258286880305,4.29549519904101,2.0815128286880307,false
T1,all-snapshotted,tier2,0.5,2.7955,2,true,213,0.00548940776248647,0.4336632132364311,24,260,189,3,4.1131977515115965,4.637346194124681,2.607612349101945,4.085242751511596,0.6383004652874282,300,692,false,2.1079258286880305,4.29549519904101,2.0799708286880305,false
T1,all-snapshotted,tier2,1,3.308,2,true,213,0.00548940776248647,0.4336632132364311,24,260,189,3,4.1131977515115965,4.637346194124681,2.607612349101945,4.0801177515115965,0.6391022288844189,300,692,false,2.1079258286880305,4.29549519904101,2.0748458286880305,false
T1,all-snapshotted,tier3+,0.005,2.521,2,false,305,0.007860419566001753,0.6209731457141385,15,99,290,3,3.629485509380058,1.6079812644115186,9.395195611662798,3.604275509380058,2.606680756565912,300,484,false,3.6130479963619897,3.8596106916330033,3.5878379963619897,false
T1,all-snapshotted,tier3+,0.01,2.4052,2,false,305,0.007860419566001753,0.6209731457141385,15,99,290,3,3.629485509380058,1.6079812644115186,9.395195611662798,3.605433509380058,2.6058435378768836,300,484,false,3.6130479963619897,3.8596106916330033,3.5889959963619895,false
T1,all-snapshotted,tier3+,0.02,2.3552,2,false,305,0.007860419566001753,0.6209731457141385,15,99,290,3,3.629485509380058,1.6079812644115186,9.395195611662798,3.605933509380058,2.6054822107016737,300,484,false,3.6130479963619897,3.8596106916330033,3.5894959963619897,false
T1,all-snapshotted,tier3+,0.05,2.3502,2,false,305,0.007860419566001753,0.6209731457141385,15,99,290,3,3.629485509380058,1.6079812644115186,9.395195611662798,3.605983509380058,2.605446083495269,300,484,false,3.6130479963619897,3.8596106916330033,3.5895459963619896,false
T1,all-snapshotted,tier3+,0.1,2.3902,2,false,305,0.007860419566001753,0.6209731457141385,15,99,290,3,3.629485509380058,1.6079812644115186,9.395195611662798,3.605583509380058,2.605735129201931,300,484,false,3.6130479963619897,3.8596106916330033,3.5891459963619896,false
T1,all-snapshotted,tier3+,0.2,2.4882,2,false,305,0.007860419566001753,0.6209731457141385,15,99,290,3,3.629485509380058,1.6079812644115186,9.395195611662798,3.604603509380058,2.6064435622986566,300,484,false,3.6130479963619897,3.8596106916330033,3.58816599636199,false
T1,all-snapshotted,tier3+,0.35,2.6413,2,false,305,0.007860419566001753,0.6209731457141385,15,99,290,3,3.629485509380058,1.6079812644115186,9.395195611662798,3.603072509380058,2.6075510795866075,300,484,false,3.6130479963619897,3.8596106916330033,3.58663499636199,false
T1,all-snapshotted,tier3+,0.5,2.7955,2,false,305,0.007860419566001753,0.6209731457141385,15,99,290,3,3.629485509380058,1.6079812644115186,9.395195611662798,3.601530509380058,2.608667505993173,300,484,false,3.6130479963619897,3.8596106916330033,3.5850929963619897,false
T1,all-snapshotted,tier3+,1,3.308,2,false,305,0.007860419566001753,0.6209731457141385,15,99,290,3,3.629485509380058,1.6079812644115186,9.395195611662798,3.596405509380058,2.612384945790589,300,484,false,3.6130479963619897,3.8596106916330033,3.5799679963619897,false
T2,migrated-at-entry,any,0.005,2.521,2,true,4,0.047619047619047616,3.761904761904762,2,2,2,2,-0.3292567785631947,-0.2348641017080228,0.9319671629189396,-0.3544667785631947,2.6292087701324243,300,80,false,-0.9882570793063647,0.3297435221799754,-1.0134670793063647,false
T2,migrated-at-entry,any,0.01,2.4052,2,true,4,0.047619047619047616,3.761904761904762,2,2,2,2,-0.3292567785631947,-0.2348641017080228,0.9319671629189396,-0.3533087785631947,2.6378262286858036,300,80,false,-0.9882570793063647,0.3297435221799754,-1.0123090793063647,false
T2,migrated-at-entry,any,0.02,2.3552,2,true,4,0.047619047619047616,3.761904761904762,2,2,2,2,-0.3292567785631947,-0.2348641017080228,0.9319671629189396,-0.3528087785631947,2.641564551523784,300,80,false,-0.9882570793063647,0.3297435221799754,-1.0118090793063648,false
T2,migrated-at-entry,any,0.05,2.3502,2,true,4,0.047619047619047616,3.761904761904762,2,2,2,2,-0.3292567785631947,-0.2348641017080228,0.9319671629189396,-0.3527587785631947,2.641938966664108,300,80,false,-0.9882570793063647,0.3297435221799754,-1.0117590793063647,false
T2,migrated-at-entry,any,0.1,2.3902,2,true,4,0.047619047619047616,3.761904761904762,2,2,2,2,-0.3292567785631947,-0.2348641017080228,0.9319671629189396,-0.35315877856319466,2.638946614071416,300,80,false,-0.9882570793063647,0.3297435221799754,-1.0121590793063648,false
T2,migrated-at-entry,any,0.2,2.4882,2,true,4,0.047619047619047616,3.761904761904762,2,2,2,2,-0.3292567785631947,-0.2348641017080228,0.9319671629189396,-0.3541387785631947,2.6316439185228444,300,80,false,-0.9882570793063647,0.3297435221799754,-1.0131390793063648,false
T2,migrated-at-entry,any,0.35,2.6413,2,true,4,0.047619047619047616,3.761904761904762,2,2,2,2,-0.3292567785631947,-0.2348641017080228,0.9319671629189396,-0.3556697785631947,2.6203158634501453,300,80,false,-0.9882570793063647,0.3297435221799754,-1.0146700793063648,false
T2,migrated-at-entry,any,0.5,2.7955,2,true,4,0.047619047619047616,3.761904761904762,2,2,2,2,-0.3292567785631947,-0.2348641017080228,0.9319671629189396,-0.3572117785631947,2.6090045705311598,300,80,false,-0.9882570793063647,0.3297435221799754,-1.0162120793063647,false
T2,migrated-at-entry,any,1,3.308,2,true,4,0.047619047619047616,3.761904761904762,2,2,2,2,-0.3292567785631947,-0.2348641017080228,0.9319671629189396,-0.3623367785631947,2.5721020278828703,300,80,false,-0.9882570793063647,0.3297435221799754,-1.0213370793063647,false
T2,migrated-at-entry,tier0,0.005,2.7507,0,true,0,0,0,0,0,0,0,,,,,,,,false,,,,false
T2,migrated-at-entry,tier0,0.01,2.6693,0,true,0,0,0,0,0,0,0,,,,,,,,false,,,,false
T2,migrated-at-entry,tier0,0.02,2.6878,0,true,0,0,0,0,0,0,0,,,,,,,,false,,,,false
T2,migrated-at-entry,tier0,0.05,2.8879,0,true,0,0,0,0,0,0,0,,,,,,,,false,,,,false
T2,migrated-at-entry,tier0,0.1,3.2673,0,true,0,0,0,0,0,0,0,,,,,,,,false,,,,false
T2,migrated-at-entry,tier0,0.2,4.0347,0,true,0,0,0,0,0,0,0,,,,,,,,false,,,,false
T2,migrated-at-entry,tier0,0.35,5.1695,0,true,0,0,0,0,0,0,0,,,,,,,,false,,,,false
T2,migrated-at-entry,tier0,0.5,6.2779,0,true,0,0,0,0,0,0,0,,,,,,,,false,,,,false
T2,migrated-at-entry,tier0,1,9.7614,0,true,0,0,0,0,0,0,0,,,,,,,,false,,,,false
T2,migrated-at-entry,tier1,0.005,2.6227,1,true,0,0,0,0,0,0,0,,,,,,,,false,,,,false
T2,migrated-at-entry,tier1,0.01,2.5108,1,true,0,0,0,0,0,0,0,,,,,,,,false,,,,false
T2,migrated-at-entry,tier1,0.02,2.4687,1,true,0,0,0,0,0,0,0,,,,,,,,false,,,,false
T2,migrated-at-entry,tier1,0.05,2.4874,1,true,0,0,0,0,0,0,0,,,,,,,,false,,,,false
T2,migrated-at-entry,tier1,0.1,2.5668,1,true,0,0,0,0,0,0,0,,,,,,,,false,,,,false
T2,migrated-at-entry,tier1,0.2,2.7434,1,true,0,0,0,0,0,0,0,,,,,,,,false,,,,false
T2,migrated-at-entry,tier1,0.35,3.0133,1,true,0,0,0,0,0,0,0,,,,,,,,false,,,,false
T2,migrated-at-entry,tier1,0.5,3.2834,1,true,0,0,0,0,0,0,0,,,,,,,,false,,,,false
T2,migrated-at-entry,tier1,1,4.1748,1,true,0,0,0,0,0,0,0,,,,,,,,false,,,,false
T2,migrated-at-entry,tier2,0.005,2.521,2,true,3,0.03571428571428571,2.821428571428571,1,2,2,2,-0.9882570793063647,-0.2348641017080228,,-1.0134670793063647,,,,false,-0.9882570793063647,-0.9882570793063647,-1.0134670793063647,false
T2,migrated-at-entry,tier2,0.01,2.4052,2,true,3,0.03571428571428571,2.821428571428571,1,2,2,2,-0.9882570793063647,-0.2348641017080228,,-1.0123090793063647,,,,false,-0.9882570793063647,-0.9882570793063647,-1.0123090793063647,false
T2,migrated-at-entry,tier2,0.02,2.3552,2,true,3,0.03571428571428571,2.821428571428571,1,2,2,2,-0.9882570793063647,-0.2348641017080228,,-1.0118090793063648,,,,false,-0.9882570793063647,-0.9882570793063647,-1.0118090793063648,false
T2,migrated-at-entry,tier2,0.05,2.3502,2,true,3,0.03571428571428571,2.821428571428571,1,2,2,2,-0.9882570793063647,-0.2348641017080228,,-1.0117590793063647,,,,false,-0.9882570793063647,-0.9882570793063647,-1.0117590793063647,false
T2,migrated-at-entry,tier2,0.1,2.3902,2,true,3,0.03571428571428571,2.821428571428571,1,2,2,2,-0.9882570793063647,-0.2348641017080228,,-1.0121590793063648,,,,false,-0.9882570793063647,-0.9882570793063647,-1.0121590793063648,false
T2,migrated-at-entry,tier2,0.2,2.4882,2,true,3,0.03571428571428571,2.821428571428571,1,2,2,2,-0.9882570793063647,-0.2348641017080228,,-1.0131390793063648,,,,false,-0.9882570793063647,-0.9882570793063647,-1.0131390793063648,false
T2,migrated-at-entry,tier2,0.35,2.6413,2,true,3,0.03571428571428571,2.821428571428571,1,2,2,2,-0.9882570793063647,-0.2348641017080228,,-1.0146700793063648,,,,false,-0.9882570793063647,-0.9882570793063647,-1.0146700793063648,false
T2,migrated-at-entry,tier2,0.5,2.7955,2,true,3,0.03571428571428571,2.821428571428571,1,2,2,2,-0.9882570793063647,-0.2348641017080228,,-1.0162120793063647,,,,false,-0.9882570793063647,-0.9882570793063647,-1.0162120793063647,false
T2,migrated-at-entry,tier2,1,3.308,2,true,3,0.03571428571428571,2.821428571428571,1,2,2,2,-0.9882570793063647,-0.2348641017080228,,-1.0213370793063647,,,,false,-0.9882570793063647,-0.9882570793063647,-1.0213370793063647,false
T2,migrated-at-entry,tier3+,0.005,1.2378,16,false,1,0.011904761904761904,0.9404761904761905,1,0,0,1,0.3297435221799754,,,0.3173655221799754,,,,false,,,,false
T2,migrated-at-entry,tier3+,0.01,1.1178,16,false,1,0.011904761904761904,0.9404761904761905,1,0,0,1,0.3297435221799754,,,0.31856552217997536,,,,false,,,,false
T2,migrated-at-entry,tier3+,0.02,1.059,16,false,1,0.011904761904761904,0.9404761904761905,1,0,0,1,0.3297435221799754,,,0.3191535221799754,,,,false,,,,false
T2,migrated-at-entry,tier3+,0.05,1.028,16,false,1,0.011904761904761904,0.9404761904761905,1,0,0,1,0.3297435221799754,,,0.31946352217997537,,,,false,,,,false
T2,migrated-at-entry,tier3+,0.1,1.0248,16,false,1,0.011904761904761904,0.9404761904761905,1,0,0,1,0.3297435221799754,,,0.3194955221799754,,,,false,,,,false
T2,migrated-at-entry,tier3+,0.2,1.0365,16,false,1,0.011904761904761904,0.9404761904761905,1,0,0,1,0.3297435221799754,,,0.31937852217997537,,,,false,,,,false
T2,migrated-at-entry,tier3+,0.35,1.0605,16,false,1,0.011904761904761904,0.9404761904761905,1,0,0,1,0.3297435221799754,,,0.3191385221799754,,,,false,,,,false
T2,migrated-at-entry,tier3+,0.5,1.086,16,false,1,0.011904761904761904,0.9404761904761905,1,0,0,1,0.3297435221799754,,,0.3188835221799754,,,,false,,,,false
T2,migrated-at-entry,tier3+,1,1.1733,16,false,1,0.011904761904761904,0.9404761904761905,1,0,0,1,0.3297435221799754,,,0.3180105221799754,,,,false,,,,false
T2,all-snapshotted,any,0.005,2.521,2,true,522,0.013452914798206279,1.062780269058296,39,453,483,3,3.9271545814610045,3.1906328954058396,6.057460320931579,3.9019445814610045,1.5524209005201928,300,283,false,2.691820783003022,4.030099064665837,2.666610783003022,false
T2,all-snapshotted,any,0.01,2.4052,2,true,522,0.013452914798206279,1.062780269058296,39,453,483,3,3.9271545814610045,3.1906328954058396,6.057460320931579,3.9031025814610043,1.5519603173391765,300,283,false,2.691820783003022,4.030099064665837,2.6677687830030217,false
T2,all-snapshotted,any,0.02,2.3552,2,true,522,0.013452914798206279,1.062780269058296,39,453,483,3,3.9271545814610045,3.1906328954058396,6.057460320931579,3.9036025814610045,1.5517615316937434,300,283,false,2.691820783003022,4.030099064665837,2.668268783003022,false
T2,all-snapshotted,any,0.05,2.3502,2,true,522,0.013452914798206279,1.062780269058296,39,453,483,3,3.9271545814610045,3.1906328954058396,6.057460320931579,3.9036525814610044,1.5517416559299644,300,283,false,2.691820783003022,4.030099064665837,2.6683187830030217,false
T2,all-snapshotted,any,0.1,2.3902,2,true,522,0.013452914798206279,1.062780269058296,39,453,483,3,3.9271545814610045,3.1906328954058396,6.057460320931579,3.9032525814610044,1.551900676298085,300,283,false,2.691820783003022,4.030099064665837,2.6679187830030218,false
T2,all-snapshotted,any,0.2,2.4882,2,true,522,0.013452914798206279,1.062780269058296,39,453,483,3,3.9271545814610045,3.1906328954058396,6.057460320931579,3.9022725814610046,1.5522904139781224,300,283,false,2.691820783003022,4.030099064665837,2.666938783003022,false
T2,all-snapshotted,any,0.35,2.6413,2,true,522,0.013452914798206279,1.062780269058296,39,453,483,3,3.9271545814610045,3.1906328954058396,6.057460320931579,3.9007415814610047,1.5528996716216164,300,283,false,2.691820783003022,4.030099064665837,2.665407783003022,false
T2,all-snapshotted,any,0.5,2.7955,2,true,522,0.013452914798206279,1.062780269058296,39,453,483,3,3.9271545814610045,3.1906328954058396,6.057460320931579,3.8991995814610045,1.5535137902999796,300,283,false,2.691820783003022,4.030099064665837,2.663865783003022,false
T2,all-snapshotted,any,1,3.308,2,true,522,0.013452914798206279,1.062780269058296,39,453,483,3,3.9271545814610045,3.1906328954058396,6.057460320931579,3.8940745814610045,1.5555583731678044,300,283,false,2.691820783003022,4.030099064665837,2.658740783003022,false
T2,all-snapshotted,tier0,0.005,2.7507,0,true,0,0,0,0,0,0,0,,,,,,,,false,,,,false
T2,all-snapshotted,tier0,0.01,2.6693,0,true,0,0,0,0,0,0,0,,,,,,,,false,,,,false
T2,all-snapshotted,tier0,0.02,2.6878,0,true,0,0,0,0,0,0,0,,,,,,,,false,,,,false
T2,all-snapshotted,tier0,0.05,2.8879,0,true,0,0,0,0,0,0,0,,,,,,,,false,,,,false
T2,all-snapshotted,tier0,0.1,3.2673,0,true,0,0,0,0,0,0,0,,,,,,,,false,,,,false
T2,all-snapshotted,tier0,0.2,4.0347,0,true,0,0,0,0,0,0,0,,,,,,,,false,,,,false
T2,all-snapshotted,tier0,0.35,5.1695,0,true,0,0,0,0,0,0,0,,,,,,,,false,,,,false
T2,all-snapshotted,tier0,0.5,6.2779,0,true,0,0,0,0,0,0,0,,,,,,,,false,,,,false
T2,all-snapshotted,tier0,1,9.7614,0,true,0,0,0,0,0,0,0,,,,,,,,false,,,,false
T2,all-snapshotted,tier1,0.005,2.6227,1,true,0,0,0,0,0,0,0,,,,,,,,false,,,,false
T2,all-snapshotted,tier1,0.01,2.5108,1,true,0,0,0,0,0,0,0,,,,,,,,false,,,,false
T2,all-snapshotted,tier1,0.02,2.4687,1,true,0,0,0,0,0,0,0,,,,,,,,false,,,,false
T2,all-snapshotted,tier1,0.05,2.4874,1,true,0,0,0,0,0,0,0,,,,,,,,false,,,,false
T2,all-snapshotted,tier1,0.1,2.5668,1,true,0,0,0,0,0,0,0,,,,,,,,false,,,,false
T2,all-snapshotted,tier1,0.2,2.7434,1,true,0,0,0,0,0,0,0,,,,,,,,false,,,,false
T2,all-snapshotted,tier1,0.35,3.0133,1,true,0,0,0,0,0,0,0,,,,,,,,false,,,,false
T2,all-snapshotted,tier1,0.5,3.2834,1,true,0,0,0,0,0,0,0,,,,,,,,false,,,,false
T2,all-snapshotted,tier1,1,4.1748,1,true,0,0,0,0,0,0,0,,,,,,,,false,,,,false
T2,all-snapshotted,tier2,0.005,2.521,2,true,216,0.005566723364775011,0.4397711458172259,24,322,192,3,4.1131977515115965,3.8347172615003786,2.607612349101945,4.087987751511596,0.6378718596056803,300,683,false,2.1079258286880305,4.29549519904101,2.0827158286880305,false
T2,all-snapshotted,tier2,0.01,2.4052,2,true,216,0.005566723364775011,0.4397711458172259,24,322,192,3,4.1131977515115965,3.8347172615003786,2.607612349101945,4.089145751511596,0.637691221482632,300,683,false,2.1079258286880305,4.29549519904101,2.0838738286880303,false
T2,all-snapshotted,tier2,0.02,2.3552,2,true,216,0.005566723364775011,0.4397711458172259,24,322,192,3,4.1131977515115965,3.8347172615003786,2.607612349101945,4.089645751511597,0.6376132573678615,300,683,false,2.1079258286880305,4.29549519904101,2.0843738286880304,false
T2,all-snapshotted,tier2,0.05,2.3502,2,true,216,0.005566723364775011,0.4397711458172259,24,322,192,3,4.1131977515115965,3.8347172615003786,2.607612349101945,4.089695751511597,0.6376054620048797,300,683,false,2.1079258286880305,4.29549519904101,2.0844238286880303,false
T2,all-snapshotted,tier2,0.1,2.3902,2,true,216,0.005566723364775011,0.4397711458172259,24,322,192,3,4.1131977515115965,3.8347172615003786,2.607612349101945,4.089295751511597,0.6376678302463323,300,683,false,2.1079258286880305,4.29549519904101,2.0840238286880304,false
T2,all-snapshotted,tier2,0.2,2.4882,2,true,216,0.005566723364775011,0.4397711458172259,24,322,192,3,4.1131977515115965,3.8347172615003786,2.607612349101945,4.088315751511597,0.6378206840158609,300,683,false,2.1079258286880305,4.29549519904101,2.0830438286880306,false
T2,all-snapshotted,tier2,0.35,2.6413,2,true,216,0.005566723364775011,0.4397711458172259,24,322,192,3,4.1131977515115965,3.8347172615003786,2.607612349101945,4.086784751511597,0.6380596257577442,300,683,false,2.1079258286880305,4.29549519904101,2.0815128286880307,false
T2,all-snapshotted,tier2,0.5,2.7955,2,true,216,0.005566723364775011,0.4397711458172259,24,322,192,3,4.1131977515115965,3.8347172615003786,2.607612349101945,4.085242751511596,0.6383004652874282,300,683,false,2.1079258286880305,4.29549519904101,2.0799708286880305,false
T2,all-snapshotted,tier2,1,3.308,2,true,216,0.005566723364775011,0.4397711458172259,24,322,192,3,4.1131977515115965,3.8347172615003786,2.607612349101945,4.0801177515115965,0.6391022288844189,300,683,false,2.1079258286880305,4.29549519904101,2.0748458286880305,false
T2,all-snapshotted,tier3+,0.005,2.521,2,false,306,0.007886191433431266,0.6230091232410699,15,131,291,3,3.629485509380058,1.6074636901963573,9.395195611662798,3.604275509380058,2.606680756565912,300,482,false,3.6130479963619897,3.8596106916330033,3.5878379963619897,false
T2,all-snapshotted,tier3+,0.01,2.4052,2,false,306,0.007886191433431266,0.6230091232410699,15,131,291,3,3.629485509380058,1.6074636901963573,9.395195611662798,3.605433509380058,2.6058435378768836,300,482,false,3.6130479963619897,3.8596106916330033,3.5889959963619895,false
T2,all-snapshotted,tier3+,0.02,2.3552,2,false,306,0.007886191433431266,0.6230091232410699,15,131,291,3,3.629485509380058,1.6074636901963573,9.395195611662798,3.605933509380058,2.6054822107016737,300,482,false,3.6130479963619897,3.8596106916330033,3.5894959963619897,false
T2,all-snapshotted,tier3+,0.05,2.3502,2,false,306,0.007886191433431266,0.6230091232410699,15,131,291,3,3.629485509380058,1.6074636901963573,9.395195611662798,3.605983509380058,2.605446083495269,300,482,false,3.6130479963619897,3.8596106916330033,3.5895459963619896,false
T2,all-snapshotted,tier3+,0.1,2.3902,2,false,306,0.007886191433431266,0.6230091232410699,15,131,291,3,3.629485509380058,1.6074636901963573,9.395195611662798,3.605583509380058,2.605735129201931,300,482,false,3.6130479963619897,3.8596106916330033,3.5891459963619896,false
T2,all-snapshotted,tier3+,0.2,2.4882,2,false,306,0.007886191433431266,0.6230091232410699,15,131,291,3,3.629485509380058,1.6074636901963573,9.395195611662798,3.604603509380058,2.6064435622986566,300,482,false,3.6130479963619897,3.8596106916330033,3.58816599636199,false
T2,all-snapshotted,tier3+,0.35,2.6413,2,false,306,0.007886191433431266,0.6230091232410699,15,131,291,3,3.629485509380058,1.6074636901963573,9.395195611662798,3.603072509380058,2.6075510795866075,300,482,false,3.6130479963619897,3.8596106916330033,3.58663499636199,false
T2,all-snapshotted,tier3+,0.5,2.7955,2,false,306,0.007886191433431266,0.6230091232410699,15,131,291,3,3.629485509380058,1.6074636901963573,9.395195611662798,3.601530509380058,2.608667505993173,300,482,false,3.6130479963619897,3.8596106916330033,3.5850929963619897,false
T2,all-snapshotted,tier3+,1,3.308,2,false,306,0.007886191433431266,0.6230091232410699,15,131,291,3,3.629485509380058,1.6074636901963573,9.395195611662798,3.596405509380058,2.612384945790589,300,482,false,3.6130479963619897,3.8596106916330033,3.5799679963619897,false
T3,migrated-at-entry,any,0.005,1.2378,16,false,1,0.011904761904761904,0.9404761904761905,1,1,0,1,0.3297435221799754,0.06481582092163318,,0.3173655221799754,,,,false,,,,false
T3,migrated-at-entry,any,0.01,1.1178,16,false,1,0.011904761904761904,0.9404761904761905,1,1,0,1,0.3297435221799754,0.06481582092163318,,0.31856552217997536,,,,false,,,,false
T3,migrated-at-entry,any,0.02,1.059,16,false,1,0.011904761904761904,0.9404761904761905,1,1,0,1,0.3297435221799754,0.06481582092163318,,0.3191535221799754,,,,false,,,,false
T3,migrated-at-entry,any,0.05,1.028,16,false,1,0.011904761904761904,0.9404761904761905,1,1,0,1,0.3297435221799754,0.06481582092163318,,0.31946352217997537,,,,false,,,,false
T3,migrated-at-entry,any,0.1,1.0248,16,false,1,0.011904761904761904,0.9404761904761905,1,1,0,1,0.3297435221799754,0.06481582092163318,,0.3194955221799754,,,,false,,,,false
T3,migrated-at-entry,any,0.2,1.0365,16,false,1,0.011904761904761904,0.9404761904761905,1,1,0,1,0.3297435221799754,0.06481582092163318,,0.31937852217997537,,,,false,,,,false
T3,migrated-at-entry,any,0.35,1.0605,16,false,1,0.011904761904761904,0.9404761904761905,1,1,0,1,0.3297435221799754,0.06481582092163318,,0.3191385221799754,,,,false,,,,false
T3,migrated-at-entry,any,0.5,1.086,16,false,1,0.011904761904761904,0.9404761904761905,1,1,0,1,0.3297435221799754,0.06481582092163318,,0.3188835221799754,,,,false,,,,false
T3,migrated-at-entry,any,1,1.1733,16,false,1,0.011904761904761904,0.9404761904761905,1,1,0,1,0.3297435221799754,0.06481582092163318,,0.3180105221799754,,,,false,,,,false
T3,migrated-at-entry,tier0,0.005,2.7507,0,true,0,0,0,0,0,0,0,,,,,,,,false,,,,false
T3,migrated-at-entry,tier0,0.01,2.6693,0,true,0,0,0,0,0,0,0,,,,,,,,false,,,,false
T3,migrated-at-entry,tier0,0.02,2.6878,0,true,0,0,0,0,0,0,0,,,,,,,,false,,,,false
T3,migrated-at-entry,tier0,0.05,2.8879,0,true,0,0,0,0,0,0,0,,,,,,,,false,,,,false
T3,migrated-at-entry,tier0,0.1,3.2673,0,true,0,0,0,0,0,0,0,,,,,,,,false,,,,false
T3,migrated-at-entry,tier0,0.2,4.0347,0,true,0,0,0,0,0,0,0,,,,,,,,false,,,,false
T3,migrated-at-entry,tier0,0.35,5.1695,0,true,0,0,0,0,0,0,0,,,,,,,,false,,,,false
T3,migrated-at-entry,tier0,0.5,6.2779,0,true,0,0,0,0,0,0,0,,,,,,,,false,,,,false
T3,migrated-at-entry,tier0,1,9.7614,0,true,0,0,0,0,0,0,0,,,,,,,,false,,,,false
T3,migrated-at-entry,tier1,0.005,2.6227,1,true,0,0,0,0,0,0,0,,,,,,,,false,,,,false
T3,migrated-at-entry,tier1,0.01,2.5108,1,true,0,0,0,0,0,0,0,,,,,,,,false,,,,false
T3,migrated-at-entry,tier1,0.02,2.4687,1,true,0,0,0,0,0,0,0,,,,,,,,false,,,,false
T3,migrated-at-entry,tier1,0.05,2.4874,1,true,0,0,0,0,0,0,0,,,,,,,,false,,,,false
T3,migrated-at-entry,tier1,0.1,2.5668,1,true,0,0,0,0,0,0,0,,,,,,,,false,,,,false
T3,migrated-at-entry,tier1,0.2,2.7434,1,true,0,0,0,0,0,0,0,,,,,,,,false,,,,false
T3,migrated-at-entry,tier1,0.35,3.0133,1,true,0,0,0,0,0,0,0,,,,,,,,false,,,,false
T3,migrated-at-entry,tier1,0.5,3.2834,1,true,0,0,0,0,0,0,0,,,,,,,,false,,,,false
T3,migrated-at-entry,tier1,1,4.1748,1,true,0,0,0,0,0,0,0,,,,,,,,false,,,,false
T3,migrated-at-entry,tier2,0.005,2.521,2,true,0,0,0,0,0,0,0,,,,,,,,false,,,,false
T3,migrated-at-entry,tier2,0.01,2.4052,2,true,0,0,0,0,0,0,0,,,,,,,,false,,,,false
T3,migrated-at-entry,tier2,0.02,2.3552,2,true,0,0,0,0,0,0,0,,,,,,,,false,,,,false
T3,migrated-at-entry,tier2,0.05,2.3502,2,true,0,0,0,0,0,0,0,,,,,,,,false,,,,false
T3,migrated-at-entry,tier2,0.1,2.3902,2,true,0,0,0,0,0,0,0,,,,,,,,false,,,,false
T3,migrated-at-entry,tier2,0.2,2.4882,2,true,0,0,0,0,0,0,0,,,,,,,,false,,,,false
T3,migrated-at-entry,tier2,0.35,2.6413,2,true,0,0,0,0,0,0,0,,,,,,,,false,,,,false
T3,migrated-at-entry,tier2,0.5,2.7955,2,true,0,0,0,0,0,0,0,,,,,,,,false,,,,false
T3,migrated-at-entry,tier2,1,3.308,2,true,0,0,0,0,0,0,0,,,,,,,,false,,,,false
T3,migrated-at-entry,tier3+,0.005,1.2378,16,false,1,0.011904761904761904,0.9404761904761905,1,1,0,1,0.3297435221799754,0.06481582092163318,,0.3173655221799754,,,,false,,,,false
T3,migrated-at-entry,tier3+,0.01,1.1178,16,false,1,0.011904761904761904,0.9404761904761905,1,1,0,1,0.3297435221799754,0.06481582092163318,,0.31856552217997536,,,,false,,,,false
T3,migrated-at-entry,tier3+,0.02,1.059,16,false,1,0.011904761904761904,0.9404761904761905,1,1,0,1,0.3297435221799754,0.06481582092163318,,0.3191535221799754,,,,false,,,,false
T3,migrated-at-entry,tier3+,0.05,1.028,16,false,1,0.011904761904761904,0.9404761904761905,1,1,0,1,0.3297435221799754,0.06481582092163318,,0.31946352217997537,,,,false,,,,false
T3,migrated-at-entry,tier3+,0.1,1.0248,16,false,1,0.011904761904761904,0.9404761904761905,1,1,0,1,0.3297435221799754,0.06481582092163318,,0.3194955221799754,,,,false,,,,false
T3,migrated-at-entry,tier3+,0.2,1.0365,16,false,1,0.011904761904761904,0.9404761904761905,1,1,0,1,0.3297435221799754,0.06481582092163318,,0.31937852217997537,,,,false,,,,false
T3,migrated-at-entry,tier3+,0.35,1.0605,16,false,1,0.011904761904761904,0.9404761904761905,1,1,0,1,0.3297435221799754,0.06481582092163318,,0.3191385221799754,,,,false,,,,false
T3,migrated-at-entry,tier3+,0.5,1.086,16,false,1,0.011904761904761904,0.9404761904761905,1,1,0,1,0.3297435221799754,0.06481582092163318,,0.3188835221799754,,,,false,,,,false
T3,migrated-at-entry,tier3+,1,1.1733,16,false,1,0.011904761904761904,0.9404761904761905,1,1,0,1,0.3297435221799754,0.06481582092163318,,0.3180105221799754,,,,false,,,,false
T3,all-snapshotted,any,0.005,2.521,2,false,319,0.008221225710014948,0.6494768310911809,16,360,303,3,3.6254303208477463,1.6020131966025946,9.076635774825672,3.6002203208477463,2.521133421270282,300,462,false,3.6130479963619897,3.712106592248039,3.5878379963619897,false
T3,all-snapshotted,any,0.01,2.4052,2,false,319,0.008221225710014948,0.6494768310911809,16,360,303,3,3.6254303208477463,1.6020131966025946,9.076635774825672,3.601378320847746,2.520322767059107,300,462,false,3.6130479963619897,3.712106592248039,3.5889959963619895,false
T3,all-snapshotted,any,0.02,2.3552,2,false,319,0.008221225710014948,0.6494768310911809,16,360,303,3,3.6254303208477463,1.6020131966025946,9.076635774825672,3.6018783208477463,2.5199729047730224,300,462,false,3.6130479963619897,3.712106592248039,3.5894959963619897,false
T3,all-snapshotted,any,0.05,2.3502,2,false,319,0.008221225710014948,0.6494768310911809,16,360,303,3,3.6254303208477463,1.6020131966025946,9.076635774825672,3.601928320847746,2.519937923886671,300,462,false,3.6130479963619897,3.712106592248039,3.5895459963619896,false
T3,all-snapshotted,any,0.1,2.3902,2,false,319,0.008221225710014948,0.6494768310911809,16,360,303,3,3.6254303208477463,1.6020131966025946,9.076635774825672,3.601528320847746,2.520217798173295,300,462,false,3.6130479963619897,3.712106592248039,3.5891459963619896,false
T3,all-snapshotted,any,0.2,2.4882,2,false,319,0.008221225710014948,0.6494768310911809,16,360,303,3,3.6254303208477463,1.6020131966025946,9.076635774825672,3.6005483208477465,2.5209037529840965,300,462,false,3.6130479963619897,3.712106592248039,3.58816599636199,false
T3,all-snapshotted,any,0.35,2.6413,2,false,319,0.008221225710014948,0.6494768310911809,16,360,303,3,3.6254303208477463,1.6020131966025946,9.076635774825672,3.5990173208477465,2.521976130053099,300,462,false,3.6130479963619897,3.712106592248039,3.58663499636199,false
T3,all-snapshotted,any,0.5,2.7955,2,false,319,0.008221225710014948,0.6494768310911809,16,360,303,3,3.6254303208477463,1.6020131966025946,9.076635774825672,3.5974753208477463,2.5230571346037083,300,462,false,3.6130479963619897,3.712106592248039,3.5850929963619897,false
T3,all-snapshotted,any,1,3.308,2,false,319,0.008221225710014948,0.6494768310911809,16,360,303,3,3.6254303208477463,1.6020131966025946,9.076635774825672,3.5923503208477463,2.526656635392872,300,462,false,3.6130479963619897,3.712106592248039,3.5799679963619897,false
T3,all-snapshotted,tier0,0.005,2.7507,0,true,0,0,0,0,0,0,0,,,,,,,,false,,,,false
T3,all-snapshotted,tier0,0.01,2.6693,0,true,0,0,0,0,0,0,0,,,,,,,,false,,,,false
T3,all-snapshotted,tier0,0.02,2.6878,0,true,0,0,0,0,0,0,0,,,,,,,,false,,,,false
T3,all-snapshotted,tier0,0.05,2.8879,0,true,0,0,0,0,0,0,0,,,,,,,,false,,,,false
T3,all-snapshotted,tier0,0.1,3.2673,0,true,0,0,0,0,0,0,0,,,,,,,,false,,,,false
T3,all-snapshotted,tier0,0.2,4.0347,0,true,0,0,0,0,0,0,0,,,,,,,,false,,,,false
T3,all-snapshotted,tier0,0.35,5.1695,0,true,0,0,0,0,0,0,0,,,,,,,,false,,,,false
T3,all-snapshotted,tier0,0.5,6.2779,0,true,0,0,0,0,0,0,0,,,,,,,,false,,,,false
T3,all-snapshotted,tier0,1,9.7614,0,true,0,0,0,0,0,0,0,,,,,,,,false,,,,false
T3,all-snapshotted,tier1,0.005,2.6227,1,true,0,0,0,0,0,0,0,,,,,,,,false,,,,false
T3,all-snapshotted,tier1,0.01,2.5108,1,true,0,0,0,0,0,0,0,,,,,,,,false,,,,false
T3,all-snapshotted,tier1,0.02,2.4687,1,true,0,0,0,0,0,0,0,,,,,,,,false,,,,false
T3,all-snapshotted,tier1,0.05,2.4874,1,true,0,0,0,0,0,0,0,,,,,,,,false,,,,false
T3,all-snapshotted,tier1,0.1,2.5668,1,true,0,0,0,0,0,0,0,,,,,,,,false,,,,false
T3,all-snapshotted,tier1,0.2,2.7434,1,true,0,0,0,0,0,0,0,,,,,,,,false,,,,false
T3,all-snapshotted,tier1,0.35,3.0133,1,true,0,0,0,0,0,0,0,,,,,,,,false,,,,false
T3,all-snapshotted,tier1,0.5,3.2834,1,true,0,0,0,0,0,0,0,,,,,,,,false,,,,false
T3,all-snapshotted,tier1,1,4.1748,1,true,0,0,0,0,0,0,0,,,,,,,,false,,,,false
T3,all-snapshotted,tier2,0.005,2.521,2,true,0,0,0,0,0,0,0,,,,,,,,false,,,,false
T3,all-snapshotted,tier2,0.01,2.4052,2,true,0,0,0,0,0,0,0,,,,,,,,false,,,,false
T3,all-snapshotted,tier2,0.02,2.3552,2,true,0,0,0,0,0,0,0,,,,,,,,false,,,,false
T3,all-snapshotted,tier2,0.05,2.3502,2,true,0,0,0,0,0,0,0,,,,,,,,false,,,,false
T3,all-snapshotted,tier2,0.1,2.3902,2,true,0,0,0,0,0,0,0,,,,,,,,false,,,,false
T3,all-snapshotted,tier2,0.2,2.4882,2,true,0,0,0,0,0,0,0,,,,,,,,false,,,,false
T3,all-snapshotted,tier2,0.35,2.6413,2,true,0,0,0,0,0,0,0,,,,,,,,false,,,,false
T3,all-snapshotted,tier2,0.5,2.7955,2,true,0,0,0,0,0,0,0,,,,,,,,false,,,,false
T3,all-snapshotted,tier2,1,3.308,2,true,0,0,0,0,0,0,0,,,,,,,,false,,,,false
T3,all-snapshotted,tier3+,0.005,2.521,2,false,319,0.008221225710014948,0.6494768310911809,16,360,303,3,3.6254303208477463,1.6020131966025946,9.076635774825672,3.6002203208477463,2.521133421270282,300,462,false,3.6130479963619897,3.712106592248039,3.5878379963619897,false
T3,all-snapshotted,tier3+,0.01,2.4052,2,false,319,0.008221225710014948,0.6494768310911809,16,360,303,3,3.6254303208477463,1.6020131966025946,9.076635774825672,3.601378320847746,2.520322767059107,300,462,false,3.6130479963619897,3.712106592248039,3.5889959963619895,false
T3,all-snapshotted,tier3+,0.02,2.3552,2,false,319,0.008221225710014948,0.6494768310911809,16,360,303,3,3.6254303208477463,1.6020131966025946,9.076635774825672,3.6018783208477463,2.5199729047730224,300,462,false,3.6130479963619897,3.712106592248039,3.5894959963619897,false
T3,all-snapshotted,tier3+,0.05,2.3502,2,false,319,0.008221225710014948,0.6494768310911809,16,360,303,3,3.6254303208477463,1.6020131966025946,9.076635774825672,3.601928320847746,2.519937923886671,300,462,false,3.6130479963619897,3.712106592248039,3.5895459963619896,false
T3,all-snapshotted,tier3+,0.1,2.3902,2,false,319,0.008221225710014948,0.6494768310911809,16,360,303,3,3.6254303208477463,1.6020131966025946,9.076635774825672,3.601528320847746,2.520217798173295,300,462,false,3.6130479963619897,3.712106592248039,3.5891459963619896,false
T3,all-snapshotted,tier3+,0.2,2.4882,2,false,319,0.008221225710014948,0.6494768310911809,16,360,303,3,3.6254303208477463,1.6020131966025946,9.076635774825672,3.6005483208477465,2.5209037529840965,300,462,false,3.6130479963619897,3.712106592248039,3.58816599636199,false
T3,all-snapshotted,tier3+,0.35,2.6413,2,false,319,0.008221225710014948,0.6494768310911809,16,360,303,3,3.6254303208477463,1.6020131966025946,9.076635774825672,3.5990173208477465,2.521976130053099,300,462,false,3.6130479963619897,3.712106592248039,3.58663499636199,false
T3,all-snapshotted,tier3+,0.5,2.7955,2,false,319,0.008221225710014948,0.6494768310911809,16,360,303,3,3.6254303208477463,1.6020131966025946,9.076635774825672,3.5974753208477463,2.5230571346037083,300,462,false,3.6130479963619897,3.712106592248039,3.5850929963619897,false
T3,all-snapshotted,tier3+,1,3.308,2,false,319,0.008221225710014948,0.6494768310911809,16,360,303,3,3.6254303208477463,1.6020131966025946,9.076635774825672,3.5923503208477463,2.526656635392872,300,462,false,3.6130479963619897,3.712106592248039,3.5799679963619897,false
T4,migrated-at-entry,any,0.005,2.6227,1,true,13,0.15476190476190477,12.226190476190476,3,7,10,2,-0.5344150410834919,-0.9047077350742576,0.748699628970544,-0.5606420410834919,1.3354325471625597,300,25,false,-0.9664943227152257,0.3297435221799754,-0.9927213227152257,false
T4,migrated-at-entry,any,0.01,2.5108,1,true,13,0.15476190476190477,12.226190476190476,3,7,10,2,-0.5344150410834919,-0.9047077350742576,0.748699628970544,-0.5595230410834919,1.3381033022710198,300,25,false,-0.9664943227152257,0.3297435221799754,-0.9916023227152257,false
T4,migrated-at-entry,any,0.02,2.4687,1,true,13,0.15476190476190477,12.226190476190476,3,7,10,2,-0.5344150410834919,-0.9047077350742576,0.748699628970544,-0.5591020410834919,1.3391108848746611,300,25,false,-0.9664943227152257,0.3297435221799754,-0.9911813227152257,false
T4,migrated-at-entry,any,0.05,2.4874,1,true,13,0.15476190476190477,12.226190476190476,3,7,10,2,-0.5344150410834919,-0.9047077350742576,0.748699628970544,-0.5592890410834919,1.3386631490581566,300,25,false,-0.9664943227152257,0.3297435221799754,-0.9913683227152257,false
T4,migrated-at-entry,any,0.1,2.5668,1,true,13,0.15476190476190477,12.226190476190476,3,7,10,2,-0.5344150410834919,-0.9047077350742576,0.748699628970544,-0.5600830410834919,1.336765397363522,300,25,false,-0.9664943227152257,0.3297435221799754,-0.9921623227152258,false
T4,migrated-at-entry,any,0.2,2.7434,1,true,13,0.15476190476190477,12.226190476190476,3,7,10,2,-0.5344150410834919,-0.9047077350742576,0.748699628970544,-0.5618490410834919,1.332563685659625,300,25,false,-0.9664943227152257,0.3297435221799754,-0.9939283227152257,false
T4,migrated-at-entry,any,0.35,3.0133,1,true,13,0.15476190476190477,12.226190476190476,3,7,10,2,-0.5344150410834919,-0.9047077350742576,0.748699628970544,-0.5645480410834919,1.3261929445962202,300,25,false,-0.9664943227152257,0.3297435221799754,-0.9966273227152257,false
T4,migrated-at-entry,any,0.5,3.2834,1,true,13,0.15476190476190477,12.226190476190476,3,7,10,2,-0.5344150410834919,-0.9047077350742576,0.748699628970544,-0.567249041083492,1.3198781747439654,300,25,false,-0.9664943227152257,0.3297435221799754,-0.9993283227152258,false
T4,migrated-at-entry,any,1,4.1748,1,true,13,0.15476190476190477,12.226190476190476,3,7,10,2,-0.5344150410834919,-0.9047077350742576,0.748699628970544,-0.5761630410834919,1.2994579235117056,300,25,false,-0.9664943227152257,0.3297435221799754,-1.0082423227152257,false
T4,migrated-at-entry,tier0,0.005,2.7507,0,true,0,0,0,0,0,0,0,,,,,,,,false,,,,false
T4,migrated-at-entry,tier0,0.01,2.6693,0,true,0,0,0,0,0,0,0,,,,,,,,false,,,,false
T4,migrated-at-entry,tier0,0.02,2.6878,0,true,0,0,0,0,0,0,0,,,,,,,,false,,,,false
T4,migrated-at-entry,tier0,0.05,2.8879,0,true,0,0,0,0,0,0,0,,,,,,,,false,,,,false
T4,migrated-at-entry,tier0,0.1,3.2673,0,true,0,0,0,0,0,0,0,,,,,,,,false,,,,false
T4,migrated-at-entry,tier0,0.2,4.0347,0,true,0,0,0,0,0,0,0,,,,,,,,false,,,,false
T4,migrated-at-entry,tier0,0.35,5.1695,0,true,0,0,0,0,0,0,0,,,,,,,,false,,,,false
T4,migrated-at-entry,tier0,0.5,6.2779,0,true,0,0,0,0,0,0,0,,,,,,,,false,,,,false
T4,migrated-at-entry,tier0,1,9.7614,0,true,0,0,0,0,0,0,0,,,,,,,,false,,,,false
T4,migrated-at-entry,tier1,0.005,2.6227,1,true,9,0.10714285714285714,8.464285714285714,1,6,8,1,-0.9447315661240866,-0.891097980567125,,-0.9709585661240866,,,,false,,,,false
T4,migrated-at-entry,tier1,0.01,2.5108,1,true,9,0.10714285714285714,8.464285714285714,1,6,8,1,-0.9447315661240866,-0.891097980567125,,-0.9698395661240866,,,,false,,,,false
T4,migrated-at-entry,tier1,0.02,2.4687,1,true,9,0.10714285714285714,8.464285714285714,1,6,8,1,-0.9447315661240866,-0.891097980567125,,-0.9694185661240866,,,,false,,,,false
T4,migrated-at-entry,tier1,0.05,2.4874,1,true,9,0.10714285714285714,8.464285714285714,1,6,8,1,-0.9447315661240866,-0.891097980567125,,-0.9696055661240865,,,,false,,,,false
T4,migrated-at-entry,tier1,0.1,2.5668,1,true,9,0.10714285714285714,8.464285714285714,1,6,8,1,-0.9447315661240866,-0.891097980567125,,-0.9703995661240866,,,,false,,,,false
T4,migrated-at-entry,tier1,0.2,2.7434,1,true,9,0.10714285714285714,8.464285714285714,1,6,8,1,-0.9447315661240866,-0.891097980567125,,-0.9721655661240866,,,,false,,,,false
T4,migrated-at-entry,tier1,0.35,3.0133,1,true,9,0.10714285714285714,8.464285714285714,1,6,8,1,-0.9447315661240866,-0.891097980567125,,-0.9748645661240866,,,,false,,,,false
T4,migrated-at-entry,tier1,0.5,3.2834,1,true,9,0.10714285714285714,8.464285714285714,1,6,8,1,-0.9447315661240866,-0.891097980567125,,-0.9775655661240866,,,,false,,,,false
T4,migrated-at-entry,tier1,1,4.1748,1,true,9,0.10714285714285714,8.464285714285714,1,6,8,1,-0.9447315661240866,-0.891097980567125,,-0.9864795661240866,,,,false,,,,false
T4,migrated-at-entry,tier2,0.005,2.521,2,true,3,0.03571428571428571,2.821428571428571,1,1,2,2,-0.9882570793063647,-0.9863662621170545,,-1.0134670793063647,,,,false,-0.9882570793063647,-0.9882570793063647,-1.0134670793063647,false
T4,migrated-at-entry,tier2,0.01,2.4052,2,true,3,0.03571428571428571,2.821428571428571,1,1,2,2,-0.9882570793063647,-0.9863662621170545,,-1.0123090793063647,,,,false,-0.9882570793063647,-0.9882570793063647,-1.0123090793063647,false
T4,migrated-at-entry,tier2,0.02,2.3552,2,true,3,0.03571428571428571,2.821428571428571,1,1,2,2,-0.9882570793063647,-0.9863662621170545,,-1.0118090793063648,,,,false,-0.9882570793063647,-0.9882570793063647,-1.0118090793063648,false
T4,migrated-at-entry,tier2,0.05,2.3502,2,true,3,0.03571428571428571,2.821428571428571,1,1,2,2,-0.9882570793063647,-0.9863662621170545,,-1.0117590793063647,,,,false,-0.9882570793063647,-0.9882570793063647,-1.0117590793063647,false
T4,migrated-at-entry,tier2,0.1,2.3902,2,true,3,0.03571428571428571,2.821428571428571,1,1,2,2,-0.9882570793063647,-0.9863662621170545,,-1.0121590793063648,,,,false,-0.9882570793063647,-0.9882570793063647,-1.0121590793063648,false
T4,migrated-at-entry,tier2,0.2,2.4882,2,true,3,0.03571428571428571,2.821428571428571,1,1,2,2,-0.9882570793063647,-0.9863662621170545,,-1.0131390793063648,,,,false,-0.9882570793063647,-0.9882570793063647,-1.0131390793063648,false
T4,migrated-at-entry,tier2,0.35,2.6413,2,true,3,0.03571428571428571,2.821428571428571,1,1,2,2,-0.9882570793063647,-0.9863662621170545,,-1.0146700793063648,,,,false,-0.9882570793063647,-0.9882570793063647,-1.0146700793063648,false
T4,migrated-at-entry,tier2,0.5,2.7955,2,true,3,0.03571428571428571,2.821428571428571,1,1,2,2,-0.9882570793063647,-0.9863662621170545,,-1.0162120793063647,,,,false,-0.9882570793063647,-0.9882570793063647,-1.0162120793063647,false
T4,migrated-at-entry,tier2,1,3.308,2,true,3,0.03571428571428571,2.821428571428571,1,1,2,2,-0.9882570793063647,-0.9863662621170545,,-1.0213370793063647,,,,false,-0.9882570793063647,-0.9882570793063647,-1.0213370793063647,false
T4,migrated-at-entry,tier3+,0.005,1.2378,16,false,1,0.011904761904761904,0.9404761904761905,1,0,0,1,0.3297435221799754,,,0.3173655221799754,,,,false,,,,false
T4,migrated-at-entry,tier3+,0.01,1.1178,16,false,1,0.011904761904761904,0.9404761904761905,1,0,0,1,0.3297435221799754,,,0.31856552217997536,,,,false,,,,false
T4,migrated-at-entry,tier3+,0.02,1.059,16,false,1,0.011904761904761904,0.9404761904761905,1,0,0,1,0.3297435221799754,,,0.3191535221799754,,,,false,,,,false
T4,migrated-at-entry,tier3+,0.05,1.028,16,false,1,0.011904761904761904,0.9404761904761905,1,0,0,1,0.3297435221799754,,,0.31946352217997537,,,,false,,,,false
T4,migrated-at-entry,tier3+,0.1,1.0248,16,false,1,0.011904761904761904,0.9404761904761905,1,0,0,1,0.3297435221799754,,,0.3194955221799754,,,,false,,,,false
T4,migrated-at-entry,tier3+,0.2,1.0365,16,false,1,0.011904761904761904,0.9404761904761905,1,0,0,1,0.3297435221799754,,,0.31937852217997537,,,,false,,,,false
T4,migrated-at-entry,tier3+,0.35,1.0605,16,false,1,0.011904761904761904,0.9404761904761905,1,0,0,1,0.3297435221799754,,,0.3191385221799754,,,,false,,,,false
T4,migrated-at-entry,tier3+,0.5,1.086,16,false,1,0.011904761904761904,0.9404761904761905,1,0,0,1,0.3297435221799754,,,0.3188835221799754,,,,false,,,,false
T4,migrated-at-entry,tier3+,1,1.1733,16,false,1,0.011904761904761904,0.9404761904761905,1,0,0,1,0.3297435221799754,,,0.3180105221799754,,,,false,,,,false
T4,all-snapshotted,any,0.005,2.6227,1,true,1139,0.029354157002216382,2.318978403175094,71,774,1068,3,2.3417769363310232,2.1704812613503006,4.9621558733913975,2.3155499363310232,2.142970788724992,300,130,false,1.5544167305686951,2.401425436767562,1.5281897305686951,false
T4,all-snapshotted,any,0.01,2.5108,1,true,1139,0.029354157002216382,2.318978403175094,71,774,1068,3,2.3417769363310232,2.1704812613503006,4.9621558733913975,2.3166689363310233,2.141935688596969,300,130,false,1.5544167305686951,2.401425436767562,1.5293087305686952,false
T4,all-snapshotted,any,0.02,2.4687,1,true,1139,0.029354157002216382,2.318978403175094,71,774,1068,3,2.3417769363310232,2.1704812613503006,4.9621558733913975,2.317089936331023,2.141546512971647,300,130,false,1.5544167305686951,2.401425436767562,1.5297297305686952,false
T4,all-snapshotted,any,0.05,2.4874,1,true,1139,0.029354157002216382,2.318978403175094,71,774,1068,3,2.3417769363310232,2.1704812613503006,4.9621558733913975,2.316902936331023,2.1417193597455215,300,130,false,1.5544167305686951,2.401425436767562,1.529542730568695,false
T4,all-snapshotted,any,0.1,2.5668,1,true,1139,0.029354157002216382,2.318978403175094,71,774,1068,3,2.3417769363310232,2.1704812613503006,4.9621558733913975,2.316108936331023,2.1424535761482835,300,130,false,1.5544167305686951,2.401425436767562,1.528748730568695,false
T4,all-snapshotted,any,0.2,2.7434,1,true,1139,0.029354157002216382,2.318978403175094,71,774,1068,3,2.3417769363310232,2.1704812613503006,4.9621558733913975,2.3143429363310233,2.1440884129549134,300,130,false,1.5544167305686951,2.401425436767562,1.5269827305686952,false
T4,all-snapshotted,any,0.35,3.0133,1,true,1139,0.029354157002216382,2.318978403175094,71,774,1068,3,2.3417769363310232,2.1704812613503006,4.9621558733913975,2.311643936331023,2.146591780595412,300,130,false,1.5544167305686951,2.401425436767562,1.5242837305686951,false
T4,all-snapshotted,any,0.5,3.2834,1,true,1139,0.029354157002216382,2.318978403175094,71,774,1068,3,2.3417769363310232,2.1704812613503006,4.9621558733913975,2.3089429363310234,2.149102862315171,300,130,false,1.5544167305686951,2.401425436767562,1.521582730568695,false
T4,all-snapshotted,any,1,4.1748,1,true,1139,0.029354157002216382,2.318978403175094,71,774,1068,3,2.3417769363310232,2.1704812613503006,4.9621558733913975,2.300028936331023,2.157431932707319,300,130,false,1.5544167305686951,2.401425436767562,1.5126687305686952,false
T4,all-snapshotted,tier0,0.005,2.7507,0,true,0,0,0,0,0,0,0,,,,,,,,false,,,,false
T4,all-snapshotted,tier0,0.01,2.6693,0,true,0,0,0,0,0,0,0,,,,,,,,false,,,,false
T4,all-snapshotted,tier0,0.02,2.6878,0,true,0,0,0,0,0,0,0,,,,,,,,false,,,,false
T4,all-snapshotted,tier0,0.05,2.8879,0,true,0,0,0,0,0,0,0,,,,,,,,false,,,,false
T4,all-snapshotted,tier0,0.1,3.2673,0,true,0,0,0,0,0,0,0,,,,,,,,false,,,,false
T4,all-snapshotted,tier0,0.2,4.0347,0,true,0,0,0,0,0,0,0,,,,,,,,false,,,,false
T4,all-snapshotted,tier0,0.35,5.1695,0,true,0,0,0,0,0,0,0,,,,,,,,false,,,,false
T4,all-snapshotted,tier0,0.5,6.2779,0,true,0,0,0,0,0,0,0,,,,,,,,false,,,,false
T4,all-snapshotted,tier0,1,9.7614,0,true,0,0,0,0,0,0,0,,,,,,,,false,,,,false
T4,all-snapshotted,tier1,0.005,2.6227,1,true,622,0.016030101541157672,1.2663780217514562,32,427,590,3,0.40959793132885924,0.7425325525016367,1.899001621021229,0.38337093132885924,4.95343143111768,300,237,false,-0.15168934808279438,0.44701708328963613,-0.17791634808279438,false
T4,all-snapshotted,tier1,0.01,2.5108,1,true,622,0.016030101541157672,1.2663780217514562,32,427,590,3,0.40959793132885924,0.7425325525016367,1.899001621021229,0.3844899313288592,4.939015215451737,300,237,false,-0.15168934808279438,0.44701708328963613,-0.17679734808279438,false
T4,all-snapshotted,tier1,0.02,2.4687,1,true,622,0.016030101541157672,1.2663780217514562,32,427,590,3,0.40959793132885924,0.7425325525016367,1.899001621021229,0.38491093132885923,4.93361312048258,300,237,false,-0.15168934808279438,0.44701708328963613,-0.1763763480827944,false
T4,all-snapshotted,tier1,0.05,2.4874,1,true,622,0.016030101541157672,1.2663780217514562,32,427,590,3,0.40959793132885924,0.7425325525016367,1.899001621021229,0.38472393132885924,4.93601116640175,300,237,false,-0.15168934808279438,0.44701708328963613,-0.1765633480827944,false
T4,all-snapshotted,tier1,0.1,2.5668,1,true,622,0.016030101541157672,1.2663780217514562,32,427,590,3,0.40959793132885924,0.7425325525016367,1.899001621021229,0.3839299313288592,4.946219260499956,300,237,false,-0.15168934808279438,0.44701708328963613,-0.17735734808279438,false
T4,all-snapshotted,tier1,0.2,2.7434,1,true,622,0.016030101541157672,1.2663780217514562,32,427,590,3,0.40959793132885924,0.7425325525016367,1.899001621021229,0.38216393132885923,4.969076004682144,300,237,false,-0.15168934808279438,0.44701708328963613,-0.1791233480827944,false
T4,all-snapshotted,tier1,0.35,3.0133,1,true,622,0.016030101541157672,1.2663780217514562,32,427,590,3,0.40959793132885924,0.7425325525016367,1.899001621021229,0.3794649313288592,5.00441928683913,300,237,false,-0.15168934808279438,0.44701708328963613,-0.18182234808279438,false
T4,all-snapshotted,tier1,0.5,3.2834,1,true,622,0.016030101541157672,1.2663780217514562,32,427,590,3,0.40959793132885924,0.7425325525016367,1.899001621021229,0.3767639313288592,5.040295694769363,300,237,false,-0.15168934808279438,0.44701708328963613,-0.1845233480827944,false
T4,all-snapshotted,tier1,1,4.1748,1,true,622,0.016030101541157672,1.2663780217514562,32,427,590,3,0.40959793132885924,0.7425325525016367,1.899001621021229,0.36784993132885924,5.162435708934561,300,237,false,-0.15168934808279438,0.44701708328963613,-0.1934373480827944,false
T4,all-snapshotted,tier2,0.005,2.521,2,true,212,0.005463635895056956,0.4316272357094995,24,249,188,3,4.1131977515115965,4.830124917948975,2.607612349101945,4.087987751511596,0.6378718596056803,300,696,false,2.1079258286880305,4.29549519904101,2.0827158286880305,false
T4,all-snapshotted,tier2,0.01,2.4052,2,true,212,0.005463635895056956,0.4316272357094995,24,249,188,3,4.1131977515115965,4.830124917948975,2.607612349101945,4.089145751511596,0.637691221482632,300,696,false,2.1079258286880305,4.29549519904101,2.0838738286880303,false
T4,all-snapshotted,tier2,0.02,2.3552,2,true,212,0.005463635895056956,0.4316272357094995,24,249,188,3,4.1131977515115965,4.830124917948975,2.607612349101945,4.089645751511597,0.6376132573678615,300,696,false,2.1079258286880305,4.29549519904101,2.0843738286880304,false
T4,all-snapshotted,tier2,0.05,2.3502,2,true,212,0.005463635895056956,0.4316272357094995,24,249,188,3,4.1131977515115965,4.830124917948975,2.607612349101945,4.089695751511597,0.6376054620048797,300,696,false,2.1079258286880305,4.29549519904101,2.0844238286880303,false
T4,all-snapshotted,tier2,0.1,2.3902,2,true,212,0.005463635895056956,0.4316272357094995,24,249,188,3,4.1131977515115965,4.830124917948975,2.607612349101945,4.089295751511597,0.6376678302463323,300,696,false,2.1079258286880305,4.29549519904101,2.0840238286880304,false
T4,all-snapshotted,tier2,0.2,2.4882,2,true,212,0.005463635895056956,0.4316272357094995,24,249,188,3,4.1131977515115965,4.830124917948975,2.607612349101945,4.088315751511597,0.6378206840158609,300,696,false,2.1079258286880305,4.29549519904101,2.0830438286880306,false
T4,all-snapshotted,tier2,0.35,2.6413,2,true,212,0.005463635895056956,0.4316272357094995,24,249,188,3,4.1131977515115965,4.830124917948975,2.607612349101945,4.086784751511597,0.6380596257577442,300,696,false,2.1079258286880305,4.29549519904101,2.0815128286880307,false
T4,all-snapshotted,tier2,0.5,2.7955,2,true,212,0.005463635895056956,0.4316272357094995,24,249,188,3,4.1131977515115965,4.830124917948975,2.607612349101945,4.085242751511596,0.6383004652874282,300,696,false,2.1079258286880305,4.29549519904101,2.0799708286880305,false
T4,all-snapshotted,tier2,1,3.308,2,true,212,0.005463635895056956,0.4316272357094995,24,249,188,3,4.1131977515115965,4.830124917948975,2.607612349101945,4.0801177515115965,0.6391022288844189,300,696,false,2.1079258286880305,4.29549519904101,2.0748458286880305,false
T4,all-snapshotted,tier3+,0.005,2.521,2,false,305,0.007860419566001753,0.6209731457141385,15,98,290,3,3.629485509380058,1.6345917530371095,9.395195611662798,3.604275509380058,2.606680756565912,300,484,false,3.6130479963619897,3.8596106916330033,3.5878379963619897,false
T4,all-snapshotted,tier3+,0.01,2.4052,2,false,305,0.007860419566001753,0.6209731457141385,15,98,290,3,3.629485509380058,1.6345917530371095,9.395195611662798,3.605433509380058,2.6058435378768836,300,484,false,3.6130479963619897,3.8596106916330033,3.5889959963619895,false
T4,all-snapshotted,tier3+,0.02,2.3552,2,false,305,0.007860419566001753,0.6209731457141385,15,98,290,3,3.629485509380058,1.6345917530371095,9.395195611662798,3.605933509380058,2.6054822107016737,300,484,false,3.6130479963619897,3.8596106916330033,3.5894959963619897,false
T4,all-snapshotted,tier3+,0.05,2.3502,2,false,305,0.007860419566001753,0.6209731457141385,15,98,290,3,3.629485509380058,1.6345917530371095,9.395195611662798,3.605983509380058,2.605446083495269,300,484,false,3.6130479963619897,3.8596106916330033,3.5895459963619896,false
T4,all-snapshotted,tier3+,0.1,2.3902,2,false,305,0.007860419566001753,0.6209731457141385,15,98,290,3,3.629485509380058,1.6345917530371095,9.395195611662798,3.605583509380058,2.605735129201931,300,484,false,3.6130479963619897,3.8596106916330033,3.5891459963619896,false
T4,all-snapshotted,tier3+,0.2,2.4882,2,false,305,0.007860419566001753,0.6209731457141385,15,98,290,3,3.629485509380058,1.6345917530371095,9.395195611662798,3.604603509380058,2.6064435622986566,300,484,false,3.6130479963619897,3.8596106916330033,3.58816599636199,false
T4,all-snapshotted,tier3+,0.35,2.6413,2,false,305,0.007860419566001753,0.6209731457141385,15,98,290,3,3.629485509380058,1.6345917530371095,9.395195611662798,3.603072509380058,2.6075510795866075,300,484,false,3.6130479963619897,3.8596106916330033,3.58663499636199,false
T4,all-snapshotted,tier3+,0.5,2.7955,2,false,305,0.007860419566001753,0.6209731457141385,15,98,290,3,3.629485509380058,1.6345917530371095,9.395195611662798,3.601530509380058,2.608667505993173,300,484,false,3.6130479963619897,3.8596106916330033,3.5850929963619897,false
T4,all-snapshotted,tier3+,1,3.308,2,false,305,0.007860419566001753,0.6209731457141385,15,98,290,3,3.629485509380058,1.6345917530371095,9.395195611662798,3.596405509380058,2.612384945790589,300,484,false,3.6130479963619897,3.8596106916330033,3.5799679963619897,false
T5,migrated-at-entry,any,0.005,2.521,2,true,4,0.047619047619047616,3.761904761904762,2,2,2,2,-0.3292567785631947,-0.2348641017080228,0.9319671629189396,-0.3544667785631947,2.6292087701324243,300,80,false,-0.9882570793063647,0.3297435221799754,-1.0134670793063647,false
T5,migrated-at-entry,any,0.01,2.4052,2,true,4,0.047619047619047616,3.761904761904762,2,2,2,2,-0.3292567785631947,-0.2348641017080228,0.9319671629189396,-0.3533087785631947,2.6378262286858036,300,80,false,-0.9882570793063647,0.3297435221799754,-1.0123090793063647,false
T5,migrated-at-entry,any,0.02,2.3552,2,true,4,0.047619047619047616,3.761904761904762,2,2,2,2,-0.3292567785631947,-0.2348641017080228,0.9319671629189396,-0.3528087785631947,2.641564551523784,300,80,false,-0.9882570793063647,0.3297435221799754,-1.0118090793063648,false
T5,migrated-at-entry,any,0.05,2.3502,2,true,4,0.047619047619047616,3.761904761904762,2,2,2,2,-0.3292567785631947,-0.2348641017080228,0.9319671629189396,-0.3527587785631947,2.641938966664108,300,80,false,-0.9882570793063647,0.3297435221799754,-1.0117590793063647,false
T5,migrated-at-entry,any,0.1,2.3902,2,true,4,0.047619047619047616,3.761904761904762,2,2,2,2,-0.3292567785631947,-0.2348641017080228,0.9319671629189396,-0.35315877856319466,2.638946614071416,300,80,false,-0.9882570793063647,0.3297435221799754,-1.0121590793063648,false
T5,migrated-at-entry,any,0.2,2.4882,2,true,4,0.047619047619047616,3.761904761904762,2,2,2,2,-0.3292567785631947,-0.2348641017080228,0.9319671629189396,-0.3541387785631947,2.6316439185228444,300,80,false,-0.9882570793063647,0.3297435221799754,-1.0131390793063648,false
T5,migrated-at-entry,any,0.35,2.6413,2,true,4,0.047619047619047616,3.761904761904762,2,2,2,2,-0.3292567785631947,-0.2348641017080228,0.9319671629189396,-0.3556697785631947,2.6203158634501453,300,80,false,-0.9882570793063647,0.3297435221799754,-1.0146700793063648,false
T5,migrated-at-entry,any,0.5,2.7955,2,true,4,0.047619047619047616,3.761904761904762,2,2,2,2,-0.3292567785631947,-0.2348641017080228,0.9319671629189396,-0.3572117785631947,2.6090045705311598,300,80,false,-0.9882570793063647,0.3297435221799754,-1.0162120793063647,false
T5,migrated-at-entry,any,1,3.308,2,true,4,0.047619047619047616,3.761904761904762,2,2,2,2,-0.3292567785631947,-0.2348641017080228,0.9319671629189396,-0.3623367785631947,2.5721020278828703,300,80,false,-0.9882570793063647,0.3297435221799754,-1.0213370793063647,false
T5,migrated-at-entry,tier0,0.005,2.7507,0,true,0,0,0,0,0,0,0,,,,,,,,false,,,,false
T5,migrated-at-entry,tier0,0.01,2.6693,0,true,0,0,0,0,0,0,0,,,,,,,,false,,,,false
T5,migrated-at-entry,tier0,0.02,2.6878,0,true,0,0,0,0,0,0,0,,,,,,,,false,,,,false
T5,migrated-at-entry,tier0,0.05,2.8879,0,true,0,0,0,0,0,0,0,,,,,,,,false,,,,false
T5,migrated-at-entry,tier0,0.1,3.2673,0,true,0,0,0,0,0,0,0,,,,,,,,false,,,,false
T5,migrated-at-entry,tier0,0.2,4.0347,0,true,0,0,0,0,0,0,0,,,,,,,,false,,,,false
T5,migrated-at-entry,tier0,0.35,5.1695,0,true,0,0,0,0,0,0,0,,,,,,,,false,,,,false
T5,migrated-at-entry,tier0,0.5,6.2779,0,true,0,0,0,0,0,0,0,,,,,,,,false,,,,false
T5,migrated-at-entry,tier0,1,9.7614,0,true,0,0,0,0,0,0,0,,,,,,,,false,,,,false
T5,migrated-at-entry,tier1,0.005,2.6227,1,true,0,0,0,0,0,0,0,,,,,,,,false,,,,false
T5,migrated-at-entry,tier1,0.01,2.5108,1,true,0,0,0,0,0,0,0,,,,,,,,false,,,,false
T5,migrated-at-entry,tier1,0.02,2.4687,1,true,0,0,0,0,0,0,0,,,,,,,,false,,,,false
T5,migrated-at-entry,tier1,0.05,2.4874,1,true,0,0,0,0,0,0,0,,,,,,,,false,,,,false
T5,migrated-at-entry,tier1,0.1,2.5668,1,true,0,0,0,0,0,0,0,,,,,,,,false,,,,false
T5,migrated-at-entry,tier1,0.2,2.7434,1,true,0,0,0,0,0,0,0,,,,,,,,false,,,,false
T5,migrated-at-entry,tier1,0.35,3.0133,1,true,0,0,0,0,0,0,0,,,,,,,,false,,,,false
T5,migrated-at-entry,tier1,0.5,3.2834,1,true,0,0,0,0,0,0,0,,,,,,,,false,,,,false
T5,migrated-at-entry,tier1,1,4.1748,1,true,0,0,0,0,0,0,0,,,,,,,,false,,,,false
T5,migrated-at-entry,tier2,0.005,2.521,2,true,3,0.03571428571428571,2.821428571428571,1,2,2,2,-0.9882570793063647,-0.2348641017080228,,-1.0134670793063647,,,,false,-0.9882570793063647,-0.9882570793063647,-1.0134670793063647,false
T5,migrated-at-entry,tier2,0.01,2.4052,2,true,3,0.03571428571428571,2.821428571428571,1,2,2,2,-0.9882570793063647,-0.2348641017080228,,-1.0123090793063647,,,,false,-0.9882570793063647,-0.9882570793063647,-1.0123090793063647,false
T5,migrated-at-entry,tier2,0.02,2.3552,2,true,3,0.03571428571428571,2.821428571428571,1,2,2,2,-0.9882570793063647,-0.2348641017080228,,-1.0118090793063648,,,,false,-0.9882570793063647,-0.9882570793063647,-1.0118090793063648,false
T5,migrated-at-entry,tier2,0.05,2.3502,2,true,3,0.03571428571428571,2.821428571428571,1,2,2,2,-0.9882570793063647,-0.2348641017080228,,-1.0117590793063647,,,,false,-0.9882570793063647,-0.9882570793063647,-1.0117590793063647,false
T5,migrated-at-entry,tier2,0.1,2.3902,2,true,3,0.03571428571428571,2.821428571428571,1,2,2,2,-0.9882570793063647,-0.2348641017080228,,-1.0121590793063648,,,,false,-0.9882570793063647,-0.9882570793063647,-1.0121590793063648,false
T5,migrated-at-entry,tier2,0.2,2.4882,2,true,3,0.03571428571428571,2.821428571428571,1,2,2,2,-0.9882570793063647,-0.2348641017080228,,-1.0131390793063648,,,,false,-0.9882570793063647,-0.9882570793063647,-1.0131390793063648,false
T5,migrated-at-entry,tier2,0.35,2.6413,2,true,3,0.03571428571428571,2.821428571428571,1,2,2,2,-0.9882570793063647,-0.2348641017080228,,-1.0146700793063648,,,,false,-0.9882570793063647,-0.9882570793063647,-1.0146700793063648,false
T5,migrated-at-entry,tier2,0.5,2.7955,2,true,3,0.03571428571428571,2.821428571428571,1,2,2,2,-0.9882570793063647,-0.2348641017080228,,-1.0162120793063647,,,,false,-0.9882570793063647,-0.9882570793063647,-1.0162120793063647,false
T5,migrated-at-entry,tier2,1,3.308,2,true,3,0.03571428571428571,2.821428571428571,1,2,2,2,-0.9882570793063647,-0.2348641017080228,,-1.0213370793063647,,,,false,-0.9882570793063647,-0.9882570793063647,-1.0213370793063647,false
T5,migrated-at-entry,tier3+,0.005,1.2378,16,false,1,0.011904761904761904,0.9404761904761905,1,0,0,1,0.3297435221799754,,,0.3173655221799754,,,,false,,,,false
T5,migrated-at-entry,tier3+,0.01,1.1178,16,false,1,0.011904761904761904,0.9404761904761905,1,0,0,1,0.3297435221799754,,,0.31856552217997536,,,,false,,,,false
T5,migrated-at-entry,tier3+,0.02,1.059,16,false,1,0.011904761904761904,0.9404761904761905,1,0,0,1,0.3297435221799754,,,0.3191535221799754,,,,false,,,,false
T5,migrated-at-entry,tier3+,0.05,1.028,16,false,1,0.011904761904761904,0.9404761904761905,1,0,0,1,0.3297435221799754,,,0.31946352217997537,,,,false,,,,false
T5,migrated-at-entry,tier3+,0.1,1.0248,16,false,1,0.011904761904761904,0.9404761904761905,1,0,0,1,0.3297435221799754,,,0.3194955221799754,,,,false,,,,false
T5,migrated-at-entry,tier3+,0.2,1.0365,16,false,1,0.011904761904761904,0.9404761904761905,1,0,0,1,0.3297435221799754,,,0.31937852217997537,,,,false,,,,false
T5,migrated-at-entry,tier3+,0.35,1.0605,16,false,1,0.011904761904761904,0.9404761904761905,1,0,0,1,0.3297435221799754,,,0.3191385221799754,,,,false,,,,false
T5,migrated-at-entry,tier3+,0.5,1.086,16,false,1,0.011904761904761904,0.9404761904761905,1,0,0,1,0.3297435221799754,,,0.3188835221799754,,,,false,,,,false
T5,migrated-at-entry,tier3+,1,1.1733,16,false,1,0.011904761904761904,0.9404761904761905,1,0,0,1,0.3297435221799754,,,0.3180105221799754,,,,false,,,,false
T5,all-snapshotted,any,0.005,2.521,2,true,519,0.013375599195917737,1.0566723364775013,39,426,480,3,3.9271545814610045,3.3658719140429416,6.057460320931579,3.9019445814610045,1.5524209005201928,300,284,false,2.691820783003022,4.030099064665837,2.666610783003022,false
T5,all-snapshotted,any,0.01,2.4052,2,true,519,0.013375599195917737,1.0566723364775013,39,426,480,3,3.9271545814610045,3.3658719140429416,6.057460320931579,3.9031025814610043,1.5519603173391765,300,284,false,2.691820783003022,4.030099064665837,2.6677687830030217,false
T5,all-snapshotted,any,0.02,2.3552,2,true,519,0.013375599195917737,1.0566723364775013,39,426,480,3,3.9271545814610045,3.3658719140429416,6.057460320931579,3.9036025814610045,1.5517615316937434,300,284,false,2.691820783003022,4.030099064665837,2.668268783003022,false
T5,all-snapshotted,any,0.05,2.3502,2,true,519,0.013375599195917737,1.0566723364775013,39,426,480,3,3.9271545814610045,3.3658719140429416,6.057460320931579,3.9036525814610044,1.5517416559299644,300,284,false,2.691820783003022,4.030099064665837,2.6683187830030217,false
T5,all-snapshotted,any,0.1,2.3902,2,true,519,0.013375599195917737,1.0566723364775013,39,426,480,3,3.9271545814610045,3.3658719140429416,6.057460320931579,3.9032525814610044,1.551900676298085,300,284,false,2.691820783003022,4.030099064665837,2.6679187830030218,false
T5,all-snapshotted,any,0.2,2.4882,2,true,519,0.013375599195917737,1.0566723364775013,39,426,480,3,3.9271545814610045,3.3658719140429416,6.057460320931579,3.9022725814610046,1.5522904139781224,300,284,false,2.691820783003022,4.030099064665837,2.666938783003022,false
T5,all-snapshotted,any,0.35,2.6413,2,true,519,0.013375599195917737,1.0566723364775013,39,426,480,3,3.9271545814610045,3.3658719140429416,6.057460320931579,3.9007415814610047,1.5528996716216164,300,284,false,2.691820783003022,4.030099064665837,2.665407783003022,false
T5,all-snapshotted,any,0.5,2.7955,2,true,519,0.013375599195917737,1.0566723364775013,39,426,480,3,3.9271545814610045,3.3658719140429416,6.057460320931579,3.8991995814610045,1.5535137902999796,300,284,false,2.691820783003022,4.030099064665837,2.663865783003022,false
T5,all-snapshotted,any,1,3.308,2,true,519,0.013375599195917737,1.0566723364775013,39,426,480,3,3.9271545814610045,3.3658719140429416,6.057460320931579,3.8940745814610045,1.5555583731678044,300,284,false,2.691820783003022,4.030099064665837,2.658740783003022,false
T5,all-snapshotted,tier0,0.005,2.7507,0,true,0,0,0,0,0,0,0,,,,,,,,false,,,,false
T5,all-snapshotted,tier0,0.01,2.6693,0,true,0,0,0,0,0,0,0,,,,,,,,false,,,,false
T5,all-snapshotted,tier0,0.02,2.6878,0,true,0,0,0,0,0,0,0,,,,,,,,false,,,,false
T5,all-snapshotted,tier0,0.05,2.8879,0,true,0,0,0,0,0,0,0,,,,,,,,false,,,,false
T5,all-snapshotted,tier0,0.1,3.2673,0,true,0,0,0,0,0,0,0,,,,,,,,false,,,,false
T5,all-snapshotted,tier0,0.2,4.0347,0,true,0,0,0,0,0,0,0,,,,,,,,false,,,,false
T5,all-snapshotted,tier0,0.35,5.1695,0,true,0,0,0,0,0,0,0,,,,,,,,false,,,,false
T5,all-snapshotted,tier0,0.5,6.2779,0,true,0,0,0,0,0,0,0,,,,,,,,false,,,,false
T5,all-snapshotted,tier0,1,9.7614,0,true,0,0,0,0,0,0,0,,,,,,,,false,,,,false
T5,all-snapshotted,tier1,0.005,2.6227,1,true,0,0,0,0,0,0,0,,,,,,,,false,,,,false
T5,all-snapshotted,tier1,0.01,2.5108,1,true,0,0,0,0,0,0,0,,,,,,,,false,,,,false
T5,all-snapshotted,tier1,0.02,2.4687,1,true,0,0,0,0,0,0,0,,,,,,,,false,,,,false
T5,all-snapshotted,tier1,0.05,2.4874,1,true,0,0,0,0,0,0,0,,,,,,,,false,,,,false
T5,all-snapshotted,tier1,0.1,2.5668,1,true,0,0,0,0,0,0,0,,,,,,,,false,,,,false
T5,all-snapshotted,tier1,0.2,2.7434,1,true,0,0,0,0,0,0,0,,,,,,,,false,,,,false
T5,all-snapshotted,tier1,0.35,3.0133,1,true,0,0,0,0,0,0,0,,,,,,,,false,,,,false
T5,all-snapshotted,tier1,0.5,3.2834,1,true,0,0,0,0,0,0,0,,,,,,,,false,,,,false
T5,all-snapshotted,tier1,1,4.1748,1,true,0,0,0,0,0,0,0,,,,,,,,false,,,,false
T5,all-snapshotted,tier2,0.005,2.521,2,true,214,0.005515179629915983,0.43569919076336266,24,303,190,3,4.1131977515115965,4.0538405335925365,2.607612349101945,4.087987751511596,0.6378718596056803,300,689,false,2.1079258286880305,4.29549519904101,2.0827158286880305,false
T5,all-snapshotted,tier2,0.01,2.4052,2,true,214,0.005515179629915983,0.43569919076336266,24,303,190,3,4.1131977515115965,4.0538405335925365,2.607612349101945,4.089145751511596,0.637691221482632,300,689,false,2.1079258286880305,4.29549519904101,2.0838738286880303,false
T5,all-snapshotted,tier2,0.02,2.3552,2,true,214,0.005515179629915983,0.43569919076336266,24,303,190,3,4.1131977515115965,4.0538405335925365,2.607612349101945,4.089645751511597,0.6376132573678615,300,689,false,2.1079258286880305,4.29549519904101,2.0843738286880304,false
T5,all-snapshotted,tier2,0.05,2.3502,2,true,214,0.005515179629915983,0.43569919076336266,24,303,190,3,4.1131977515115965,4.0538405335925365,2.607612349101945,4.089695751511597,0.6376054620048797,300,689,false,2.1079258286880305,4.29549519904101,2.0844238286880303,false
T5,all-snapshotted,tier2,0.1,2.3902,2,true,214,0.005515179629915983,0.43569919076336266,24,303,190,3,4.1131977515115965,4.0538405335925365,2.607612349101945,4.089295751511597,0.6376678302463323,300,689,false,2.1079258286880305,4.29549519904101,2.0840238286880304,false
T5,all-snapshotted,tier2,0.2,2.4882,2,true,214,0.005515179629915983,0.43569919076336266,24,303,190,3,4.1131977515115965,4.0538405335925365,2.607612349101945,4.088315751511597,0.6378206840158609,300,689,false,2.1079258286880305,4.29549519904101,2.0830438286880306,false
T5,all-snapshotted,tier2,0.35,2.6413,2,true,214,0.005515179629915983,0.43569919076336266,24,303,190,3,4.1131977515115965,4.0538405335925365,2.607612349101945,4.086784751511597,0.6380596257577442,300,689,false,2.1079258286880305,4.29549519904101,2.0815128286880307,false
T5,all-snapshotted,tier2,0.5,2.7955,2,true,214,0.005515179629915983,0.43569919076336266,24,303,190,3,4.1131977515115965,4.0538405335925365,2.607612349101945,4.085242751511596,0.6383004652874282,300,689,false,2.1079258286880305,4.29549519904101,2.0799708286880305,false
T5,all-snapshotted,tier2,1,3.308,2,true,214,0.005515179629915983,0.43569919076336266,24,303,190,3,4.1131977515115965,4.0538405335925365,2.607612349101945,4.0801177515115965,0.6391022288844189,300,689,false,2.1079258286880305,4.29549519904101,2.0748458286880305,false
T5,all-snapshotted,tier3+,0.005,2.521,2,false,305,0.007860419566001753,0.6209731457141385,15,123,290,3,3.629485509380058,1.6711199488110018,9.395195611662798,3.604275509380058,2.606680756565912,300,484,false,3.6130479963619897,3.8596106916330033,3.5878379963619897,false
T5,all-snapshotted,tier3+,0.01,2.4052,2,false,305,0.007860419566001753,0.6209731457141385,15,123,290,3,3.629485509380058,1.6711199488110018,9.395195611662798,3.605433509380058,2.6058435378768836,300,484,false,3.6130479963619897,3.8596106916330033,3.5889959963619895,false
T5,all-snapshotted,tier3+,0.02,2.3552,2,false,305,0.007860419566001753,0.6209731457141385,15,123,290,3,3.629485509380058,1.6711199488110018,9.395195611662798,3.605933509380058,2.6054822107016737,300,484,false,3.6130479963619897,3.8596106916330033,3.5894959963619897,false
T5,all-snapshotted,tier3+,0.05,2.3502,2,false,305,0.007860419566001753,0.6209731457141385,15,123,290,3,3.629485509380058,1.6711199488110018,9.395195611662798,3.605983509380058,2.605446083495269,300,484,false,3.6130479963619897,3.8596106916330033,3.5895459963619896,false
T5,all-snapshotted,tier3+,0.1,2.3902,2,false,305,0.007860419566001753,0.6209731457141385,15,123,290,3,3.629485509380058,1.6711199488110018,9.395195611662798,3.605583509380058,2.605735129201931,300,484,false,3.6130479963619897,3.8596106916330033,3.5891459963619896,false
T5,all-snapshotted,tier3+,0.2,2.4882,2,false,305,0.007860419566001753,0.6209731457141385,15,123,290,3,3.629485509380058,1.6711199488110018,9.395195611662798,3.604603509380058,2.6064435622986566,300,484,false,3.6130479963619897,3.8596106916330033,3.58816599636199,false
T5,all-snapshotted,tier3+,0.35,2.6413,2,false,305,0.007860419566001753,0.6209731457141385,15,123,290,3,3.629485509380058,1.6711199488110018,9.395195611662798,3.603072509380058,2.6075510795866075,300,484,false,3.6130479963619897,3.8596106916330033,3.58663499636199,false
T5,all-snapshotted,tier3+,0.5,2.7955,2,false,305,0.007860419566001753,0.6209731457141385,15,123,290,3,3.629485509380058,1.6711199488110018,9.395195611662798,3.601530509380058,2.608667505993173,300,484,false,3.6130479963619897,3.8596106916330033,3.5850929963619897,false
T5,all-snapshotted,tier3+,1,3.308,2,false,305,0.007860419566001753,0.6209731457141385,15,123,290,3,3.629485509380058,1.6711199488110018,9.395195611662798,3.596405509380058,2.612384945790589,300,484,false,3.6130479963619897,3.8596106916330033,3.5799679963619897,false
T6,migrated-at-entry,any,0.005,2.7507,0,true,10,0.11904761904761904,9.404761904761905,4,12,6,2,-0.6337801239703955,-0.7644136050779998,0.6428020185631848,-0.6612871239703955,0.9720467785668873,300,32,false,-0.9664943227152257,-0.30106592522556536,-0.9940013227152257,false
T6,migrated-at-entry,any,0.01,2.6693,0,true,10,0.11904761904761904,9.404761904761905,4,12,6,2,-0.6337801239703955,-0.7644136050779998,0.6428020185631848,-0.6604731239703955,0.9732447774695481,300,32,false,-0.9664943227152257,-0.30106592522556536,-0.9931873227152257,false
T6,migrated-at-entry,any,0.02,2.6878,0,true,10,0.11904761904761904,9.404761904761905,4,12,6,2,-0.6337801239703955,-0.7644136050779998,0.6428020185631848,-0.6606581239703955,0.9729722457662371,300,32,false,-0.9664943227152257,-0.30106592522556536,-0.9933723227152257,false
T6,migrated-at-entry,any,0.05,2.8879,0,true,10,0.11904761904761904,9.404761904761905,4,12,6,2,-0.6337801239703955,-0.7644136050779998,0.6428020185631848,-0.6626591239703955,0.9700342081035047,300,32,false,-0.9664943227152257,-0.30106592522556536,-0.9953733227152257,false
T6,migrated-at-entry,any,0.1,3.2673,0,true,10,0.11904761904761904,9.404761904761905,4,12,6,2,-0.6337801239703955,-0.7644136050779998,0.6428020185631848,-0.6664531239703955,0.9645119745762324,300,32,false,-0.9664943227152257,-0.30106592522556536,-0.9991673227152257,false
T6,migrated-at-entry,any,0.2,4.0347,0,true,10,0.11904761904761904,9.404761904761905,4,12,6,2,-0.6337801239703955,-0.7644136050779998,0.6428020185631848,-0.6741271239703955,0.9535323468032026,300,32,false,-0.9664943227152257,-0.30106592522556536,-1.0068413227152258,false
T6,migrated-at-entry,any,0.35,5.1695,0,true,10,0.11904761904761904,9.404761904761905,4,12,6,2,-0.6337801239703955,-0.7644136050779998,0.6428020185631848,-0.6854751239703956,0.9377466753862044,300,32,false,-0.9664943227152257,-0.30106592522556536,-1.0181893227152257,false
T6,migrated-at-entry,any,0.5,6.2779,0,true,10,0.11904761904761904,9.404761904761905,4,12,6,2,-0.6337801239703955,-0.7644136050779998,0.6428020185631848,-0.6965591239703955,0.9228247774563706,300,32,false,-0.9664943227152257,-0.30106592522556536,-1.0292733227152258,false
T6,migrated-at-entry,any,1,9.7614,0,true,10,0.11904761904761904,9.404761904761905,4,12,6,2,-0.6337801239703955,-0.7644136050779998,0.6428020185631848,-0.7313941239703955,0.8788722762410426,300,32,false,-0.9664943227152257,-0.30106592522556536,-1.0641083227152257,false
T6,migrated-at-entry,tier0,0.005,2.7507,0,true,2,0.023809523809523808,1.880952380952381,1,7,1,1,-0.9318753726311061,-0.623004298599542,,-0.959382372631106,,,,false,,,,false
T6,migrated-at-entry,tier0,0.01,2.6693,0,true,2,0.023809523809523808,1.880952380952381,1,7,1,1,-0.9318753726311061,-0.623004298599542,,-0.9585683726311061,,,,false,,,,false
T6,migrated-at-entry,tier0,0.02,2.6878,0,true,2,0.023809523809523808,1.880952380952381,1,7,1,1,-0.9318753726311061,-0.623004298599542,,-0.958753372631106,,,,false,,,,false
T6,migrated-at-entry,tier0,0.05,2.8879,0,true,2,0.023809523809523808,1.880952380952381,1,7,1,1,-0.9318753726311061,-0.623004298599542,,-0.9607543726311061,,,,false,,,,false
T6,migrated-at-entry,tier0,0.1,3.2673,0,true,2,0.023809523809523808,1.880952380952381,1,7,1,1,-0.9318753726311061,-0.623004298599542,,-0.964548372631106,,,,false,,,,false
T6,migrated-at-entry,tier0,0.2,4.0347,0,true,2,0.023809523809523808,1.880952380952381,1,7,1,1,-0.9318753726311061,-0.623004298599542,,-0.9722223726311061,,,,false,,,,false
T6,migrated-at-entry,tier0,0.35,5.1695,0,true,2,0.023809523809523808,1.880952380952381,1,7,1,1,-0.9318753726311061,-0.623004298599542,,-0.9835703726311061,,,,false,,,,false
T6,migrated-at-entry,tier0,0.5,6.2779,0,true,2,0.023809523809523808,1.880952380952381,1,7,1,1,-0.9318753726311061,-0.623004298599542,,-0.9946543726311061,,,,false,,,,false
T6,migrated-at-entry,tier0,1,9.7614,0,true,2,0.023809523809523808,1.880952380952381,1,7,1,1,-0.9318753726311061,-0.623004298599542,,-1.029489372631106,,,,false,,,,false
T6,migrated-at-entry,tier1,0.005,2.6227,1,true,4,0.047619047619047616,3.761904761904762,1,4,3,1,-0.9447315661240866,-0.9563917271555378,,-0.9709585661240866,,,,false,,,,false
T6,migrated-at-entry,tier1,0.01,2.5108,1,true,4,0.047619047619047616,3.761904761904762,1,4,3,1,-0.9447315661240866,-0.9563917271555378,,-0.9698395661240866,,,,false,,,,false
T6,migrated-at-entry,tier1,0.02,2.4687,1,true,4,0.047619047619047616,3.761904761904762,1,4,3,1,-0.9447315661240866,-0.9563917271555378,,-0.9694185661240866,,,,false,,,,false
T6,migrated-at-entry,tier1,0.05,2.4874,1,true,4,0.047619047619047616,3.761904761904762,1,4,3,1,-0.9447315661240866,-0.9563917271555378,,-0.9696055661240865,,,,false,,,,false
T6,migrated-at-entry,tier1,0.1,2.5668,1,true,4,0.047619047619047616,3.761904761904762,1,4,3,1,-0.9447315661240866,-0.9563917271555378,,-0.9703995661240866,,,,false,,,,false
T6,migrated-at-entry,tier1,0.2,2.7434,1,true,4,0.047619047619047616,3.761904761904762,1,4,3,1,-0.9447315661240866,-0.9563917271555378,,-0.9721655661240866,,,,false,,,,false
T6,migrated-at-entry,tier1,0.35,3.0133,1,true,4,0.047619047619047616,3.761904761904762,1,4,3,1,-0.9447315661240866,-0.9563917271555378,,-0.9748645661240866,,,,false,,,,false
T6,migrated-at-entry,tier1,0.5,3.2834,1,true,4,0.047619047619047616,3.761904761904762,1,4,3,1,-0.9447315661240866,-0.9563917271555378,,-0.9775655661240866,,,,false,,,,false
T6,migrated-at-entry,tier1,1,4.1748,1,true,4,0.047619047619047616,3.761904761904762,1,4,3,1,-0.9447315661240866,-0.9563917271555378,,-0.9864795661240866,,,,false,,,,false
T6,migrated-at-entry,tier2,0.005,2.521,2,true,3,0.03571428571428571,2.821428571428571,1,1,2,2,-0.9882570793063647,-0.9863662621170545,,-1.0134670793063647,,,,false,-0.9882570793063647,-0.9882570793063647,-1.0134670793063647,false
T6,migrated-at-entry,tier2,0.01,2.4052,2,true,3,0.03571428571428571,2.821428571428571,1,1,2,2,-0.9882570793063647,-0.9863662621170545,,-1.0123090793063647,,,,false,-0.9882570793063647,-0.9882570793063647,-1.0123090793063647,false
T6,migrated-at-entry,tier2,0.02,2.3552,2,true,3,0.03571428571428571,2.821428571428571,1,1,2,2,-0.9882570793063647,-0.9863662621170545,,-1.0118090793063648,,,,false,-0.9882570793063647,-0.9882570793063647,-1.0118090793063648,false
T6,migrated-at-entry,tier2,0.05,2.3502,2,true,3,0.03571428571428571,2.821428571428571,1,1,2,2,-0.9882570793063647,-0.9863662621170545,,-1.0117590793063647,,,,false,-0.9882570793063647,-0.9882570793063647,-1.0117590793063647,false
T6,migrated-at-entry,tier2,0.1,2.3902,2,true,3,0.03571428571428571,2.821428571428571,1,1,2,2,-0.9882570793063647,-0.9863662621170545,,-1.0121590793063648,,,,false,-0.9882570793063647,-0.9882570793063647,-1.0121590793063648,false
T6,migrated-at-entry,tier2,0.2,2.4882,2,true,3,0.03571428571428571,2.821428571428571,1,1,2,2,-0.9882570793063647,-0.9863662621170545,,-1.0131390793063648,,,,false,-0.9882570793063647,-0.9882570793063647,-1.0131390793063648,false
T6,migrated-at-entry,tier2,0.35,2.6413,2,true,3,0.03571428571428571,2.821428571428571,1,1,2,2,-0.9882570793063647,-0.9863662621170545,,-1.0146700793063648,,,,false,-0.9882570793063647,-0.9882570793063647,-1.0146700793063648,false
T6,migrated-at-entry,tier2,0.5,2.7955,2,true,3,0.03571428571428571,2.821428571428571,1,1,2,2,-0.9882570793063647,-0.9863662621170545,,-1.0162120793063647,,,,false,-0.9882570793063647,-0.9882570793063647,-1.0162120793063647,false
T6,migrated-at-entry,tier2,1,3.308,2,true,3,0.03571428571428571,2.821428571428571,1,1,2,2,-0.9882570793063647,-0.9863662621170545,,-1.0213370793063647,,,,false,-0.9882570793063647,-0.9882570793063647,-1.0213370793063647,false
T6,migrated-at-entry,tier3+,0.005,1.2378,16,false,1,0.011904761904761904,0.9404761904761905,1,0,0,1,0.3297435221799754,,,0.3173655221799754,,,,false,,,,false
T6,migrated-at-entry,tier3+,0.01,1.1178,16,false,1,0.011904761904761904,0.9404761904761905,1,0,0,1,0.3297435221799754,,,0.31856552217997536,,,,false,,,,false
T6,migrated-at-entry,tier3+,0.02,1.059,16,false,1,0.011904761904761904,0.9404761904761905,1,0,0,1,0.3297435221799754,,,0.3191535221799754,,,,false,,,,false
T6,migrated-at-entry,tier3+,0.05,1.028,16,false,1,0.011904761904761904,0.9404761904761905,1,0,0,1,0.3297435221799754,,,0.31946352217997537,,,,false,,,,false
T6,migrated-at-entry,tier3+,0.1,1.0248,16,false,1,0.011904761904761904,0.9404761904761905,1,0,0,1,0.3297435221799754,,,0.3194955221799754,,,,false,,,,false
T6,migrated-at-entry,tier3+,0.2,1.0365,16,false,1,0.011904761904761904,0.9404761904761905,1,0,0,1,0.3297435221799754,,,0.31937852217997537,,,,false,,,,false
T6,migrated-at-entry,tier3+,0.35,1.0605,16,false,1,0.011904761904761904,0.9404761904761905,1,0,0,1,0.3297435221799754,,,0.3191385221799754,,,,false,,,,false
T6,migrated-at-entry,tier3+,0.5,1.086,16,false,1,0.011904761904761904,0.9404761904761905,1,0,0,1,0.3297435221799754,,,0.3188835221799754,,,,false,,,,false
T6,migrated-at-entry,tier3+,1,1.1733,16,false,1,0.011904761904761904,0.9404761904761905,1,0,0,1,0.3297435221799754,,,0.3180105221799754,,,,false,,,,false
T6,all-snapshotted,any,0.005,2.7507,0,true,986,0.025411061285500747,2.007473841554559,165,1910,821,3,0.5452979927160684,0.12966944736369238,3.8384055385585016,0.5177909927160684,7.413040382228699,431,215,false,0.08465869651530258,0.58800627183402,0.05715169651530258,false
T6,all-snapshotted,any,0.01,2.6693,0,true,986,0.025411061285500747,2.007473841554559,165,1910,821,3,0.5452979927160684,0.12966944736369238,3.8384055385585016,0.5186049927160684,7.401404908301749,430,215,false,0.08465869651530258,0.58800627183402,0.05796569651530259,false
T6,all-snapshotted,any,0.02,2.6878,0,true,986,0.025411061285500747,2.007473841554559,165,1910,821,3,0.5452979927160684,0.12966944736369238,3.8384055385585016,0.5184199927160684,7.404046125707085,430,215,false,0.08465869651530258,0.58800627183402,0.057780696515302585,false
T6,all-snapshotted,any,0.05,2.8879,0,true,986,0.025411061285500747,2.007473841554559,165,1910,821,3,0.5452979927160684,0.12966944736369238,3.8384055385585016,0.5164189927160684,7.432735032402052,434,217,false,0.08465869651530258,0.58800627183402,0.05577969651530258,false
T6,all-snapshotted,any,0.1,3.2673,0,true,986,0.025411061285500747,2.007473841554559,165,1910,821,3,0.5452979927160684,0.12966944736369238,3.8384055385585016,0.5126249927160684,7.487745609556163,440,220,false,0.08465869651530258,0.58800627183402,0.05198569651530258,false
T6,all-snapshotted,any,0.2,4.0347,0,true,986,0.025411061285500747,2.007473841554559,165,1910,821,3,0.5452979927160684,0.12966944736369238,3.8384055385585016,0.5049509927160684,7.601540731531584,454,227,false,0.08465869651530258,0.58800627183402,0.04431169651530258,false
T6,all-snapshotted,any,0.35,5.1695,0,true,986,0.025411061285500747,2.007473841554559,165,1910,821,3,0.5452979927160684,0.12966944736369238,3.8384055385585016,0.4936029927160684,7.77630118779778,475,237,false,0.08465869651530258,0.58800627183402,0.03296369651530258,false
T6,all-snapshotted,any,0.5,6.2779,0,true,986,0.025411061285500747,2.007473841554559,165,1910,821,3,0.5452979927160684,0.12966944736369238,3.8384055385585016,0.48251899271606835,7.9549315084000405,497,248,false,0.08465869651530258,0.58800627183402,0.021879696515302582,false
T6,all-snapshotted,any,1,9.7614,0,true,986,0.025411061285500747,2.007473841554559,165,1910,821,3,0.5452979927160684,0.12966944736369238,3.8384055385585016,0.4476839927160684,8.57391731893552,577,288,false,0.08465869651530258,0.58800627183402,-0.012955303484697422,false
T6,all-snapshotted,tier0,0.005,2.7507,0,true,558,0.01438070202566878,1.1360754600278336,137,1611,421,3,0.4265745684096965,-0.054626350416539876,3.9084245255504984,0.3990675684096965,9.793891648789598,753,663,false,-0.13827531649468136,0.47105093729980513,-0.16578231649468136,false
T6,all-snapshotted,tier0,0.01,2.6693,0,true,558,0.01438070202566878,1.1360754600278336,137,1611,421,3,0.4265745684096965,-0.054626350416539876,3.9084245255504984,0.39988156840969646,9.77395517651402,749,660,false,-0.13827531649468136,0.47105093729980513,-0.16496831649468136,false
T6,all-snapshotted,tier0,0.02,2.6878,0,true,558,0.01438070202566878,1.1360754600278336,137,1611,421,3,0.4265745684096965,-0.054626350416539876,3.9084245255504984,0.3996965684096965,9.778479062507962,750,661,false,-0.13827531649468136,0.47105093729980513,-0.16515331649468137,false
T6,all-snapshotted,tier0,0.05,2.8879,0,true,558,0.01438070202566878,1.1360754600278336,137,1611,421,3,0.4265745684096965,-0.054626350416539876,3.9084245255504984,0.3976955684096965,9.827679350764432,758,668,false,-0.13827531649468136,0.47105093729980513,-0.16715431649468138,false
T6,all-snapshotted,tier0,0.1,3.2673,0,true,558,0.01438070202566878,1.1360754600278336,137,1611,421,3,0.4265745684096965,-0.054626350416539876,3.9084245255504984,0.3939015684096965,9.92233806361835,772,680,false,-0.13827531649468136,0.47105093729980513,-0.17094831649468137,false
T6,all-snapshotted,tier0,0.2,4.0347,0,true,558,0.01438070202566878,1.1360754600278336,137,1611,421,3,0.4265745684096965,-0.054626350416539876,3.9084245255504984,0.38622756840969646,10.119486140369402,803,707,false,-0.13827531649468136,0.47105093729980513,-0.17862231649468135,false
T6,all-snapshotted,tier0,0.35,5.1695,0,true,558,0.01438070202566878,1.1360754600278336,137,1611,421,3,0.4265745684096965,-0.054626350416539876,3.9084245255504984,0.3748795684096965,10.425813660986398,853,751,false,-0.13827531649468136,0.47105093729980513,-0.18997031649468138,false
T6,all-snapshotted,tier0,0.5,6.2779,0,true,558,0.01438070202566878,1.1360754600278336,137,1611,421,3,0.4265745684096965,-0.054626350416539876,3.9084245255504984,0.3637955684096965,10.743463815779467,905,797,false,-0.13827531649468136,0.47105093729980513,-0.20105431649468136,false
T6,all-snapshotted,tier0,1,9.7614,0,true,558,0.01438070202566878,1.1360754600278336,137,1611,421,3,0.4265745684096965,-0.054626350416539876,3.9084245255504984,0.32896056840969645,11.881133791946882,1107,975,false,-0.13827531649468136,0.47105093729980513,-0.23588931649468137,false
T6,all-snapshotted,tier1,0.005,2.6227,1,true,266,0.006855316736250709,0.541570022163806,21,236,245,2,0.5959524464896607,0.7871020304203946,2.331188730721072,0.5697254464896607,4.091775687894218,300,554,false,-0.15168934808279438,0.6746515827604456,-0.17791634808279438,false
T6,all-snapshotted,tier1,0.01,2.5108,1,true,266,0.006855316736250709,0.541570022163806,21,236,245,2,0.5959524464896607,0.7871020304203946,2.331188730721072,0.5708444464896607,4.083754769020592,300,554,false,-0.15168934808279438,0.6746515827604456,-0.17679734808279438,false
T6,all-snapshotted,tier1,0.02,2.4687,1,true,266,0.006855316736250709,0.541570022163806,21,236,245,2,0.5959524464896607,0.7871020304203946,2.331188730721072,0.5712654464896607,4.080745203557948,300,554,false,-0.15168934808279438,0.6746515827604456,-0.1763763480827944,false
T6,all-snapshotted,tier1,0.05,2.4874,1,true,266,0.006855316736250709,0.541570022163806,21,236,245,2,0.5959524464896607,0.7871020304203946,2.331188730721072,0.5710784464896608,4.082081446166569,300,554,false,-0.15168934808279438,0.6746515827604456,-0.1765633480827944,false
T6,all-snapshotted,tier1,0.1,2.5668,1,true,266,0.006855316736250709,0.541570022163806,21,236,245,2,0.5959524464896607,0.7871020304203946,2.331188730721072,0.5702844464896607,4.087764877808809,300,554,false,-0.15168934808279438,0.6746515827604456,-0.17735734808279438,false
T6,all-snapshotted,tier1,0.2,2.7434,1,true,266,0.006855316736250709,0.541570022163806,21,236,245,2,0.5959524464896607,0.7871020304203946,2.331188730721072,0.5685184464896608,4.100462782017167,300,554,false,-0.15168934808279438,0.6746515827604456,-0.1791233480827944,false
T6,all-snapshotted,tier1,0.35,3.0133,1,true,266,0.006855316736250709,0.541570022163806,21,236,245,2,0.5959524464896607,0.7871020304203946,2.331188730721072,0.5658194464896608,4.120022288353198,300,554,false,-0.15168934808279438,0.6746515827604456,-0.18182234808279438,false
T6,all-snapshotted,tier1,0.5,3.2834,1,true,266,0.006855316736250709,0.541570022163806,21,236,245,2,0.5959524464896607,0.7871020304203946,2.331188730721072,0.5631184464896607,4.139783992609581,300,554,false,-0.15168934808279438,0.6746515827604456,-0.1845233480827944,false
T6,all-snapshotted,tier1,1,4.1748,1,true,266,0.006855316736250709,0.541570022163806,21,236,245,2,0.5959524464896607,0.7871020304203946,2.331188730721072,0.5542044464896607,4.206369590657124,300,554,false,-0.15168934808279438,0.6746515827604456,-0.1934373480827944,false
T6,all-snapshotted,tier2,0.005,2.521,2,true,53,0.001365908973764239,0.10790680892737488,1,22,52,2,-0.9882570793063647,1.4140313184868472,,-1.0134670793063647,,,,false,-0.9882570793063647,-0.9882570793063647,-1.0134670793063647,false
T6,all-snapshotted,tier2,0.01,2.4052,2,true,53,0.001365908973764239,0.10790680892737488,1,22,52,2,-0.9882570793063647,1.4140313184868472,,-1.0123090793063647,,,,false,-0.9882570793063647,-0.9882570793063647,-1.0123090793063647,false
T6,all-snapshotted,tier2,0.02,2.3552,2,true,53,0.001365908973764239,0.10790680892737488,1,22,52,2,-0.9882570793063647,1.4140313184868472,,-1.0118090793063648,,,,false,-0.9882570793063647,-0.9882570793063647,-1.0118090793063648,false
T6,all-snapshotted,tier2,0.05,2.3502,2,true,53,0.001365908973764239,0.10790680892737488,1,22,52,2,-0.9882570793063647,1.4140313184868472,,-1.0117590793063647,,,,false,-0.9882570793063647,-0.9882570793063647,-1.0117590793063647,false
T6,all-snapshotted,tier2,0.1,2.3902,2,true,53,0.001365908973764239,0.10790680892737488,1,22,52,2,-0.9882570793063647,1.4140313184868472,,-1.0121590793063648,,,,false,-0.9882570793063647,-0.9882570793063647,-1.0121590793063648,false
T6,all-snapshotted,tier2,0.2,2.4882,2,true,53,0.001365908973764239,0.10790680892737488,1,22,52,2,-0.9882570793063647,1.4140313184868472,,-1.0131390793063648,,,,false,-0.9882570793063647,-0.9882570793063647,-1.0131390793063648,false
T6,all-snapshotted,tier2,0.35,2.6413,2,true,53,0.001365908973764239,0.10790680892737488,1,22,52,2,-0.9882570793063647,1.4140313184868472,,-1.0146700793063648,,,,false,-0.9882570793063647,-0.9882570793063647,-1.0146700793063648,false
T6,all-snapshotted,tier2,0.5,2.7955,2,true,53,0.001365908973764239,0.10790680892737488,1,22,52,2,-0.9882570793063647,1.4140313184868472,,-1.0162120793063647,,,,false,-0.9882570793063647,-0.9882570793063647,-1.0162120793063647,false
T6,all-snapshotted,tier2,1,3.308,2,true,53,0.001365908973764239,0.10790680892737488,1,22,52,2,-0.9882570793063647,1.4140313184868472,,-1.0213370793063647,,,,false,-0.9882570793063647,-0.9882570793063647,-1.0213370793063647,false
T6,all-snapshotted,tier3+,0.005,2.521,2,false,109,0.0028091335498170197,0.22192155043554457,6,41,103,3,3.3344514381743835,2.8977299219457047,5.984352401123695,3.3092414381743835,1.8083758809768486,300,1352,false,3.229419587482659,3.8596106916330033,3.204209587482659,false
T6,all-snapshotted,tier3+,0.01,2.4052,2,false,109,0.0028091335498170197,0.22192155043554457,6,41,103,3,3.3344514381743835,2.8977299219457047,5.984352401123695,3.3103994381743833,1.8077432989246582,300,1352,false,3.229419587482659,3.8596106916330033,3.205367587482659,false
T6,all-snapshotted,tier3+,0.02,2.3552,2,false,109,0.0028091335498170197,0.22192155043554457,6,41,103,3,3.3344514381743835,2.8977299219457047,5.984352401123695,3.3108994381743835,1.8074703001017278,300,1352,false,3.229419587482659,3.8596106916330033,3.205867587482659,false
T6,all-snapshotted,tier3+,0.05,2.3502,2,false,109,0.0028091335498170197,0.22192155043554457,6,41,103,3,3.3344514381743835,2.8977299219457047,5.984352401123695,3.3109494381743834,1.8074430047543681,300,1352,false,3.229419587482659,3.8596106916330033,3.205917587482659,false
T6,all-snapshotted,tier3+,0.1,2.3902,2,false,109,0.0028091335498170197,0.22192155043554457,6,41,103,3,3.3344514381743835,2.8977299219457047,5.984352401123695,3.3105494381743834,1.8076613906191328,300,1352,false,3.229419587482659,3.8596106916330033,3.205517587482659,false
T6,all-snapshotted,tier3+,0.2,2.4882,2,false,109,0.0028091335498170197,0.22192155043554457,6,41,103,3,3.3344514381743835,2.8977299219457047,5.984352401123695,3.3095694381743836,1.808196659087101,300,1352,false,3.229419587482659,3.8596106916330033,3.204537587482659,false
T6,all-snapshotted,tier3+,0.35,2.6413,2,false,109,0.0028091335498170197,0.22192155043554457,6,41,103,3,3.3344514381743835,2.8977299219457047,5.984352401123695,3.3080384381743837,1.809033514261792,300,1352,false,3.229419587482659,3.8596106916330033,3.203006587482659,false
T6,all-snapshotted,tier3+,0.5,2.7955,2,false,109,0.0028091335498170197,0.22192155043554457,6,41,103,3,3.3344514381743835,2.8977299219457047,5.984352401123695,3.3064964381743835,1.8098771654591095,300,1352,false,3.229419587482659,3.8596106916330033,3.201464587482659,false
T6,all-snapshotted,tier3+,1,3.308,2,false,109,0.0028091335498170197,0.22192155043554457,6,41,103,3,3.3344514381743835,2.8977299219457047,5.984352401123695,3.3013714381743835,1.812686791896693,300,1352,false,3.229419587482659,3.8596106916330033,3.196339587482659,false
T7,migrated-at-entry,any,0.005,2.7507,0,true,3,0.03571428571428571,2.821428571428571,3,5,0,2,-0.5301296432524985,-0.8761968050403757,0.7452054211323551,-0.5576366432524984,1.3363637955817143,300,107,false,-0.9882570793063647,-0.30106592522556536,-1.0157640793063647,false
T7,migrated-at-entry,any,0.01,2.6693,0,true,3,0.03571428571428571,2.821428571428571,3,5,0,2,-0.5301296432524985,-0.8761968050403757,0.7452054211323551,-0.5568226432524984,1.3383173801616255,300,107,false,-0.9882570793063647,-0.30106592522556536,-1.0149500793063648,false
T7,migrated-at-entry,any,0.02,2.6878,0,true,3,0.03571428571428571,2.821428571428571,3,5,0,2,-0.5301296432524985,-0.8761968050403757,0.7452054211323551,-0.5570076432524984,1.337872882283851,300,107,false,-0.9882570793063647,-0.30106592522556536,-1.0151350793063647,false
T7,migrated-at-entry,any,0.05,2.8879,0,true,3,0.03571428571428571,2.821428571428571,3,5,0,2,-0.5301296432524985,-0.8761968050403757,0.7452054211323551,-0.5590086432524984,1.3330838979456594,300,107,false,-0.9882570793063647,-0.30106592522556536,-1.0171360793063648,false
T7,migrated-at-entry,any,0.1,3.2673,0,true,3,0.03571428571428571,2.821428571428571,3,5,0,2,-0.5301296432524985,-0.8761968050403757,0.7452054211323551,-0.5628026432524984,1.3240972302932534,300,107,false,-0.9882570793063647,-0.30106592522556536,-1.0209300793063647,false
T7,migrated-at-entry,any,0.2,4.0347,0,true,3,0.03571428571428571,2.821428571428571,3,5,0,2,-0.5301296432524985,-0.8761968050403757,0.7452054211323551,-0.5704766432524985,1.3062855945927307,300,107,false,-0.9882570793063647,-0.30106592522556536,-1.0286040793063647,false
T7,migrated-at-entry,any,0.35,5.1695,0,true,3,0.03571428571428571,2.821428571428571,3,5,0,2,-0.5301296432524985,-0.8761968050403757,0.7452054211323551,-0.5818246432524985,1.2808075934469367,300,107,false,-0.9882570793063647,-0.30106592522556536,-1.0399520793063648,false
T7,migrated-at-entry,any,0.5,6.2779,0,true,3,0.03571428571428571,2.821428571428571,3,5,0,2,-0.5301296432524985,-0.8761968050403757,0.7452054211323551,-0.5929086432524985,1.2568638180823397,300,107,false,-0.9882570793063647,-0.30106592522556536,-1.0510360793063647,false
T7,migrated-at-entry,any,1,9.7614,0,true,3,0.03571428571428571,2.821428571428571,3,5,0,2,-0.5301296432524985,-0.8761968050403757,0.7452054211323551,-0.6277436432524984,1.187117431044395,300,107,false,-0.9882570793063647,-0.30106592522556536,-1.0858710793063648,false
T7,migrated-at-entry,tier0,0.005,2.7507,0,true,1,0.011904761904761904,0.9404761904761905,1,3,0,1,-0.9318753726311061,-0.8151241165973403,,-0.959382372631106,,,,false,,,,false
T7,migrated-at-entry,tier0,0.01,2.6693,0,true,1,0.011904761904761904,0.9404761904761905,1,3,0,1,-0.9318753726311061,-0.8151241165973403,,-0.9585683726311061,,,,false,,,,false
T7,migrated-at-entry,tier0,0.02,2.6878,0,true,1,0.011904761904761904,0.9404761904761905,1,3,0,1,-0.9318753726311061,-0.8151241165973403,,-0.958753372631106,,,,false,,,,false
T7,migrated-at-entry,tier0,0.05,2.8879,0,true,1,0.011904761904761904,0.9404761904761905,1,3,0,1,-0.9318753726311061,-0.8151241165973403,,-0.9607543726311061,,,,false,,,,false
T7,migrated-at-entry,tier0,0.1,3.2673,0,true,1,0.011904761904761904,0.9404761904761905,1,3,0,1,-0.9318753726311061,-0.8151241165973403,,-0.964548372631106,,,,false,,,,false
T7,migrated-at-entry,tier0,0.2,4.0347,0,true,1,0.011904761904761904,0.9404761904761905,1,3,0,1,-0.9318753726311061,-0.8151241165973403,,-0.9722223726311061,,,,false,,,,false
T7,migrated-at-entry,tier0,0.35,5.1695,0,true,1,0.011904761904761904,0.9404761904761905,1,3,0,1,-0.9318753726311061,-0.8151241165973403,,-0.9835703726311061,,,,false,,,,false
T7,migrated-at-entry,tier0,0.5,6.2779,0,true,1,0.011904761904761904,0.9404761904761905,1,3,0,1,-0.9318753726311061,-0.8151241165973403,,-0.9946543726311061,,,,false,,,,false
T7,migrated-at-entry,tier0,1,9.7614,0,true,1,0.011904761904761904,0.9404761904761905,1,3,0,1,-0.9318753726311061,-0.8151241165973403,,-1.029489372631106,,,,false,,,,false
T7,migrated-at-entry,tier1,0.005,2.6227,1,true,0,0,0,0,1,0,0,,-0.9492454132928034,,,,,,false,,,,false
T7,migrated-at-entry,tier1,0.01,2.5108,1,true,0,0,0,0,1,0,0,,-0.9492454132928034,,,,,,false,,,,false
T7,migrated-at-entry,tier1,0.02,2.4687,1,true,0,0,0,0,1,0,0,,-0.9492454132928034,,,,,,false,,,,false
T7,migrated-at-entry,tier1,0.05,2.4874,1,true,0,0,0,0,1,0,0,,-0.9492454132928034,,,,,,false,,,,false
T7,migrated-at-entry,tier1,0.1,2.5668,1,true,0,0,0,0,1,0,0,,-0.9492454132928034,,,,,,false,,,,false
T7,migrated-at-entry,tier1,0.2,2.7434,1,true,0,0,0,0,1,0,0,,-0.9492454132928034,,,,,,false,,,,false
T7,migrated-at-entry,tier1,0.35,3.0133,1,true,0,0,0,0,1,0,0,,-0.9492454132928034,,,,,,false,,,,false
T7,migrated-at-entry,tier1,0.5,3.2834,1,true,0,0,0,0,1,0,0,,-0.9492454132928034,,,,,,false,,,,false
T7,migrated-at-entry,tier1,1,4.1748,1,true,0,0,0,0,1,0,0,,-0.9492454132928034,,,,,,false,,,,false
T7,migrated-at-entry,tier2,0.005,2.521,2,true,1,0.011904761904761904,0.9404761904761905,1,1,0,1,-0.9882570793063647,-0.9863662621170545,,-1.0134670793063647,,,,false,,,,false
T7,migrated-at-entry,tier2,0.01,2.4052,2,true,1,0.011904761904761904,0.9404761904761905,1,1,0,1,-0.9882570793063647,-0.9863662621170545,,-1.0123090793063647,,,,false,,,,false
T7,migrated-at-entry,tier2,0.02,2.3552,2,true,1,0.011904761904761904,0.9404761904761905,1,1,0,1,-0.9882570793063647,-0.9863662621170545,,-1.0118090793063648,,,,false,,,,false
T7,migrated-at-entry,tier2,0.05,2.3502,2,true,1,0.011904761904761904,0.9404761904761905,1,1,0,1,-0.9882570793063647,-0.9863662621170545,,-1.0117590793063647,,,,false,,,,false
T7,migrated-at-entry,tier2,0.1,2.3902,2,true,1,0.011904761904761904,0.9404761904761905,1,1,0,1,-0.9882570793063647,-0.9863662621170545,,-1.0121590793063648,,,,false,,,,false
T7,migrated-at-entry,tier2,0.2,2.4882,2,true,1,0.011904761904761904,0.9404761904761905,1,1,0,1,-0.9882570793063647,-0.9863662621170545,,-1.0131390793063648,,,,false,,,,false
T7,migrated-at-entry,tier2,0.35,2.6413,2,true,1,0.011904761904761904,0.9404761904761905,1,1,0,1,-0.9882570793063647,-0.9863662621170545,,-1.0146700793063648,,,,false,,,,false
T7,migrated-at-entry,tier2,0.5,2.7955,2,true,1,0.011904761904761904,0.9404761904761905,1,1,0,1,-0.9882570793063647,-0.9863662621170545,,-1.0162120793063647,,,,false,,,,false
T7,migrated-at-entry,tier2,1,3.308,2,true,1,0.011904761904761904,0.9404761904761905,1,1,0,1,-0.9882570793063647,-0.9863662621170545,,-1.0213370793063647,,,,false,,,,false
T7,migrated-at-entry,tier3+,0.005,1.2378,16,false,1,0.011904761904761904,0.9404761904761905,1,0,0,1,0.3297435221799754,,,0.3173655221799754,,,,false,,,,false
T7,migrated-at-entry,tier3+,0.01,1.1178,16,false,1,0.011904761904761904,0.9404761904761905,1,0,0,1,0.3297435221799754,,,0.31856552217997536,,,,false,,,,false
T7,migrated-at-entry,tier3+,0.02,1.059,16,false,1,0.011904761904761904,0.9404761904761905,1,0,0,1,0.3297435221799754,,,0.3191535221799754,,,,false,,,,false
T7,migrated-at-entry,tier3+,0.05,1.028,16,false,1,0.011904761904761904,0.9404761904761905,1,0,0,1,0.3297435221799754,,,0.31946352217997537,,,,false,,,,false
T7,migrated-at-entry,tier3+,0.1,1.0248,16,false,1,0.011904761904761904,0.9404761904761905,1,0,0,1,0.3297435221799754,,,0.3194955221799754,,,,false,,,,false
T7,migrated-at-entry,tier3+,0.2,1.0365,16,false,1,0.011904761904761904,0.9404761904761905,1,0,0,1,0.3297435221799754,,,0.31937852217997537,,,,false,,,,false
T7,migrated-at-entry,tier3+,0.35,1.0605,16,false,1,0.011904761904761904,0.9404761904761905,1,0,0,1,0.3297435221799754,,,0.3191385221799754,,,,false,,,,false
T7,migrated-at-entry,tier3+,0.5,1.086,16,false,1,0.011904761904761904,0.9404761904761905,1,0,0,1,0.3297435221799754,,,0.3188835221799754,,,,false,,,,false
T7,migrated-at-entry,tier3+,1,1.1733,16,false,1,0.011904761904761904,0.9404761904761905,1,0,0,1,0.3297435221799754,,,0.3180105221799754,,,,false,,,,false
T7,all-snapshotted,any,0.005,2.7507,0,true,973,0.025076027008917066,1.9810061337044482,121,1000,852,3,1.1077143514853696,1.3567481470474412,4.190734837135056,1.0802073514853696,3.8795651884542983,300,152,false,0.6005528676735302,1.1584304998665536,0.5730458676735303,false
T7,all-snapshotted,any,0.01,2.6693,0,true,973,0.025076027008917066,1.9810061337044482,121,1000,852,3,1.1077143514853696,1.3567481470474412,4.190734837135056,1.0810213514853695,3.8766439084452937,300,152,false,0.6005528676735302,1.1584304998665536,0.5738598676735303,false
T7,all-snapshotted,any,0.02,2.6878,0,true,973,0.025076027008917066,1.9810061337044482,121,1000,852,3,1.1077143514853696,1.3567481470474412,4.190734837135056,1.0808363514853696,3.8773074493431143,300,152,false,0.6005528676735302,1.1584304998665536,0.5736748676735303,false
T7,all-snapshotted,any,0.05,2.8879,0,true,973,0.025076027008917066,1.9810061337044482,121,1000,852,3,1.1077143514853696,1.3567481470474412,4.190734837135056,1.0788353514853695,3.8844989936278416,300,152,false,0.6005528676735302,1.1584304998665536,0.5716738676735302,false
T7,all-snapshotted,any,0.1,3.2673,0,true,973,0.025076027008917066,1.9810061337044482,121,1000,852,3,1.1077143514853696,1.3567481470474412,4.190734837135056,1.0750413514853696,3.8982080376208565,300,152,false,0.6005528676735302,1.1584304998665536,0.5678798676735303,false
T7,all-snapshotted,any,0.2,4.0347,0,true,973,0.025076027008917066,1.9810061337044482,121,1000,852,3,1.1077143514853696,1.3567481470474412,4.190734837135056,1.0673673514853697,3.926234797516662,300,152,false,0.6005528676735302,1.1584304998665536,0.5602058676735302,false
T7,all-snapshotted,any,0.35,5.1695,0,true,973,0.025076027008917066,1.9810061337044482,121,1000,852,3,1.1077143514853696,1.3567481470474412,4.190734837135056,1.0560193514853695,3.968426176320043,300,152,false,0.6005528676735302,1.1584304998665536,0.5488578676735302,false
T7,all-snapshotted,any,0.5,6.2779,0,true,973,0.025076027008917066,1.9810061337044482,121,1000,852,3,1.1077143514853696,1.3567481470474412,4.190734837135056,1.0449353514853696,4.010520680708094,300,152,false,0.6005528676735302,1.1584304998665536,0.5377738676735302,false
T7,all-snapshotted,any,1,9.7614,0,true,973,0.025076027008917066,1.9810061337044482,121,1000,852,3,1.1077143514853696,1.3567481470474412,4.190734837135056,1.0101003514853695,4.148830193923318,300,152,false,0.6005528676735302,1.1584304998665536,0.5029388676735302,false
T7,all-snapshotted,tier0,0.005,2.7507,0,true,568,0.01463842069996392,1.1564352352971496,86,725,482,3,1.0536357090788357,1.2161141689422936,3.3234245823097535,1.0261287090788358,3.2387989468623473,300,260,false,0.38667188276546205,1.1220422553673874,0.35916488276546205,false
T7,all-snapshotted,tier0,0.01,2.6693,0,true,568,0.01463842069996392,1.1564352352971496,86,725,482,3,1.0536357090788357,1.2161141689422936,3.3234245823097535,1.0269427090788357,3.2362317322364116,300,260,false,0.38667188276546205,1.1220422553673874,0.359978882765462,false
T7,all-snapshotted,tier0,0.02,2.6878,0,true,568,0.01463842069996392,1.1564352352971496,86,725,482,3,1.0536357090788357,1.2161141689422936,3.3234245823097535,1.0267577090788358,3.236814832674976,300,260,false,0.38667188276546205,1.1220422553673874,0.35979388276546204,false
T7,all-snapshotted,tier0,0.05,2.8879,0,true,568,0.01463842069996392,1.1564352352971496,86,725,482,3,1.0536357090788357,1.2161141689422936,3.3234245823097535,1.0247567090788356,3.243135226991794,300,260,false,0.38667188276546205,1.1220422553673874,0.35779288276546206,false
T7,all-snapshotted,tier0,0.1,3.2673,0,true,568,0.01463842069996392,1.1564352352971496,86,725,482,3,1.0536357090788357,1.2161141689422936,3.3234245823097535,1.0209627090788358,3.25518704332337,300,260,false,0.38667188276546205,1.1220422553673874,0.35399888276546204,false
T7,all-snapshotted,tier0,0.2,4.0347,0,true,568,0.01463842069996392,1.1564352352971496,86,725,482,3,1.0536357090788357,1.2161141689422936,3.3234245823097535,1.0132887090788358,3.279839746098646,300,260,false,0.38667188276546205,1.1220422553673874,0.346324882765462,false
T7,all-snapshotted,tier0,0.35,5.1695,0,true,568,0.01463842069996392,1.1564352352971496,86,725,482,3,1.0536357090788357,1.2161141689422936,3.3234245823097535,1.0019407090788357,3.3169872749907965,300,260,false,0.38667188276546205,1.1220422553673874,0.33497688276546206,false
T7,all-snapshotted,tier0,0.5,6.2779,0,true,568,0.01463842069996392,1.1564352352971496,86,725,482,3,1.0536357090788357,1.2161141689422936,3.3234245823097535,0.9908567090788357,3.354092021438118,300,260,false,0.38667188276546205,1.1220422553673874,0.323892882765462,false
T7,all-snapshotted,tier0,1,9.7614,0,true,568,0.01463842069996392,1.1564352352971496,86,725,482,3,1.0536357090788357,1.2161141689422936,3.3234245823097535,0.9560217090788358,3.476306605539327,300,260,false,0.38667188276546205,1.1220422553673874,0.28905788276546207,false
T7,all-snapshotted,tier1,0.005,2.6227,1,true,269,0.006932632338539251,0.5476779547446008,20,185,249,3,0.2797267633901168,1.6027544670748164,0.6984636202101686,0.2534997633901168,2.755283124802315,300,548,false,0.26069381041283357,0.6413528699584978,0.23446681041283357,false
T7,all-snapshotted,tier1,0.01,2.5108,1,true,269,0.006932632338539251,0.5476779547446008,20,185,249,3,0.2797267633901168,1.6027544670748164,0.6984636202101686,0.2546187633901168,2.7431741907410423,300,548,false,0.26069381041283357,0.6413528699584978,0.23558581041283358,false
T7,all-snapshotted,tier1,0.02,2.4687,1,true,269,0.006932632338539251,0.5476779547446008,20,185,249,3,0.2797267633901168,1.6027544670748164,0.6984636202101686,0.2550397633901168,2.7386459700473327,300,548,false,0.26069381041283357,0.6413528699584978,0.23600681041283356,false
T7,all-snapshotted,tier1,0.05,2.4874,1,true,269,0.006932632338539251,0.5476779547446008,20,185,249,3,0.2797267633901168,1.6027544670748164,0.6984636202101686,0.2548527633901168,2.740655470707974,300,548,false,0.26069381041283357,0.6413528699584978,0.23581981041283356,false
T7,all-snapshotted,tier1,0.1,2.5668,1,true,269,0.006932632338539251,0.5476779547446008,20,185,249,3,0.2797267633901168,1.6027544670748164,0.6984636202101686,0.2540587633901168,2.749220734959067,300,548,false,0.26069381041283357,0.6413528699584978,0.23502581041283357,false
T7,all-snapshotted,tier1,0.2,2.7434,1,true,269,0.006932632338539251,0.5476779547446008,20,185,249,3,0.2797267633901168,1.6027544670748164,0.6984636202101686,0.2522927633901168,2.7684647424077875,300,548,false,0.26069381041283357,0.6413528699584978,0.23325981041283356,false
T7,all-snapshotted,tier1,0.35,3.0133,1,true,269,0.006932632338539251,0.5476779547446008,20,185,249,3,0.2797267633901168,1.6027544670748164,0.6984636202101686,0.24959376339011682,2.7984017337743534,300,548,false,0.26069381041283357,0.6413528699584978,0.23056081041283358,false
T7,all-snapshotted,tier1,0.5,3.2834,1,true,269,0.006932632338539251,0.5476779547446008,20,185,249,3,0.2797267633901168,1.6027544670748164,0.6984636202101686,0.24689276339011682,2.8290161713104642,300,548,false,0.26069381041283357,0.6413528699584978,0.22785981041283357,false
T7,all-snapshotted,tier1,1,4.1748,1,true,269,0.006932632338539251,0.5476779547446008,20,185,249,3,0.2797267633901168,1.6027544670748164,0.6984636202101686,0.2379787633901168,2.9349829802467813,300,548,false,0.26069381041283357,0.6413528699584978,0.21894581041283356,false
T7,all-snapshotted,tier2,0.005,2.521,2,true,50,0.0012885933714756972,0.10179887634658008,3,24,47,2,-0.5500048298603525,1.3456957473814894,0.503517122967764,-0.5752148298603524,0.875354905383794,300,2947,false,-0.9882570793063647,-0.3308787051373463,-1.0134670793063647,false
T7,all-snapshotted,tier2,0.01,2.4052,2,true,50,0.0012885933714756972,0.10179887634658008,3,24,47,2,-0.5500048298603525,1.3456957473814894,0.503517122967764,-0.5740568298603524,0.8771206904554236,300,2947,false,-0.9882570793063647,-0.3308787051373463,-1.0123090793063647,false
T7,all-snapshotted,tier2,0.02,2.3552,2,true,50,0.0012885933714756972,0.10179887634658008,3,24,47,2,-0.5500048298603525,1.3456957473814894,0.503517122967764,-0.5735568298603525,0.8778853232213423,300,2947,false,-0.9882570793063647,-0.3308787051373463,-1.0118090793063648,false
T7,all-snapshotted,tier2,0.05,2.3502,2,true,50,0.0012885933714756972,0.10179887634658008,3,24,47,2,-0.5500048298603525,1.3456957473814894,0.503517122967764,-0.5735068298603525,0.877961859827143,300,2947,false,-0.9882570793063647,-0.3308787051373463,-1.0117590793063647,false
T7,all-snapshotted,tier2,0.1,2.3902,2,true,50,0.0012885933714756972,0.10179887634658008,3,24,47,2,-0.5500048298603525,1.3456957473814894,0.503517122967764,-0.5739068298603525,0.8773499403906445,300,2947,false,-0.9882570793063647,-0.3308787051373463,-1.0121590793063648,false
T7,all-snapshotted,tier2,0.2,2.4882,2,true,50,0.0012885933714756972,0.10179887634658008,3,24,47,2,-0.5500048298603525,1.3456957473814894,0.503517122967764,-0.5748868298603524,0.8758543365658157,300,2947,false,-0.9882570793063647,-0.3308787051373463,-1.0131390793063648,false
T7,all-snapshotted,tier2,0.35,2.6413,2,true,50,0.0012885933714756972,0.10179887634658008,3,24,47,2,-0.5500048298603525,1.3456957473814894,0.503517122967764,-0.5764178298603525,0.8735280154150505,300,2947,false,-0.9882570793063647,-0.3308787051373463,-1.0146700793063648,false
T7,all-snapshotted,tier2,0.5,2.7955,2,true,50,0.0012885933714756972,0.10179887634658008,3,24,47,2,-0.5500048298603525,1.3456957473814894,0.503517122967764,-0.5779598298603524,0.8711974378728441,300,2947,false,-0.9882570793063647,-0.3308787051373463,-1.0162120793063647,false
T7,all-snapshotted,tier2,1,3.308,2,true,50,0.0012885933714756972,0.10179887634658008,3,24,47,2,-0.5500048298603525,1.3456957473814894,0.503517122967764,-0.5830848298603525,0.8635400840189157,300,2947,false,-0.9882570793063647,-0.3308787051373463,-1.0213370793063647,false
T7,all-snapshotted,tier3+,0.005,2.521,2,false,86,0.002216380598938199,0.1750940673161177,12,66,74,3,3.2896870642273868,2.2160469730042585,9.90646261151749,3.264477064227387,3.034624663188461,300,1714,false,3.2378758253723303,3.8596106916330033,3.2126658253723304,false
T7,all-snapshotted,tier3+,0.01,2.4052,2,false,86,0.002216380598938199,0.1750940673161177,12,66,74,3,3.2896870642273868,2.2160469730042585,9.90646261151749,3.2656350642273866,3.033548579887401,300,1714,false,3.2378758253723303,3.8596106916330033,3.21382382537233,false
T7,all-snapshotted,tier3+,0.02,2.3552,2,false,86,0.002216380598938199,0.1750940673161177,12,66,74,3,3.2896870642273868,2.2160469730042585,9.90646261151749,3.2661350642273868,3.0330841856538138,300,1714,false,3.2378758253723303,3.8596106916330033,3.2143238253723303,false
T7,all-snapshotted,tier3+,0.05,2.3502,2,false,86,0.002216380598938199,0.1750940673161177,12,66,74,3,3.2896870642273868,2.2160469730042585,9.90646261151749,3.2661850642273866,3.0330377540504907,300,1714,false,3.2378758253723303,3.8596106916330033,3.21437382537233,false
T7,all-snapshotted,tier3+,0.1,2.3902,2,false,86,0.002216380598938199,0.1750940673161177,12,66,74,3,3.2896870642273868,2.2160469730042585,9.90646261151749,3.2657850642273867,3.033409246686338,300,1714,false,3.2378758253723303,3.8596106916330033,3.2139738253723302,false
T7,all-snapshotted,tier3+,0.2,2.4882,2,false,86,0.002216380598938199,0.1750940673161177,12,66,74,3,3.2896870642273868,2.2160469730042585,9.90646261151749,3.264805064227387,3.0343197883582813,300,1714,false,3.2378758253723303,3.8596106916330033,3.2129938253723305,false
T7,all-snapshotted,tier3+,0.35,2.6413,2,false,86,0.002216380598938199,0.1750940673161177,12,66,74,3,3.2896870642273868,2.2160469730042585,9.90646261151749,3.263274064227387,3.0357433720060363,300,1714,false,3.2378758253723303,3.8596106916330033,3.2114628253723305,false
T7,all-snapshotted,tier3+,0.5,2.7955,2,false,86,0.002216380598938199,0.1750940673161177,12,66,74,3,3.2896870642273868,2.2160469730042585,9.90646261151749,3.261732064227387,3.0371785347316855,300,1714,false,3.2378758253723303,3.8596106916330033,3.2099208253723304,false
T7,all-snapshotted,tier3+,1,3.308,2,false,86,0.002216380598938199,0.1750940673161177,12,66,74,3,3.2896870642273868,2.2160469730042585,9.90646261151749,3.2566070642273868,3.041958214835399,300,1714,false,3.2378758253723303,3.8596106916330033,3.2047958253723303,false
